timeslice,commodity,region,prices,year
"('winter', 'night')",crude_oil,Kenya,12.20000000000,2020
"('winter', 'night')",biomass,Kenya,1.76000000000,2020
"('winter', 'night')",coal,Kenya,5.10000000000,2020
"('winter', 'night')",lfo,Kenya,14.75000000000,2020
"('winter', 'night')",hfo,Kenya,8.87000000000,2020
"('winter', 'night')",gas,Kenya,8.60000000000,2020
"('winter', 'night')",uranium,Kenya,1.76400000000,2020
"('winter', 'night')",electricity,Kenya,1.00000000000,2020
"('winter', 'day')",crude_oil,Kenya,12.20000000000,2020
"('winter', 'day')",biomass,Kenya,1.76000000000,2020
"('winter', 'day')",coal,Kenya,5.10000000000,2020
"('winter', 'day')",lfo,Kenya,14.75000000000,2020
"('winter', 'day')",hfo,Kenya,8.87000000000,2020
"('winter', 'day')",gas,Kenya,8.60000000000,2020
"('winter', 'day')",uranium,Kenya,1.76400000000,2020
"('winter', 'day')",electricity,Kenya,1.00000000000,2020
"('spring', 'night')",crude_oil,Kenya,12.20000000000,2020
"('spring', 'night')",biomass,Kenya,1.76000000000,2020
"('spring', 'night')",coal,Kenya,5.10000000000,2020
"('spring', 'night')",lfo,Kenya,14.75000000000,2020
"('spring', 'night')",hfo,Kenya,8.87000000000,2020
"('spring', 'night')",gas,Kenya,8.60000000000,2020
"('spring', 'night')",uranium,Kenya,1.76400000000,2020
"('spring', 'night')",electricity,Kenya,1.00000000000,2020
"('spring', 'day')",crude_oil,Kenya,12.20000000000,2020
"('spring', 'day')",biomass,Kenya,1.76000000000,2020
"('spring', 'day')",coal,Kenya,5.10000000000,2020
"('spring', 'day')",lfo,Kenya,14.75000000000,2020
"('spring', 'day')",hfo,Kenya,8.87000000000,2020
"('spring', 'day')",gas,Kenya,8.60000000000,2020
"('spring', 'day')",uranium,Kenya,1.76400000000,2020
"('spring', 'day')",electricity,Kenya,1.00000000000,2020
"('summer', 'night')",crude_oil,Kenya,12.20000000000,2020
"('summer', 'night')",biomass,Kenya,1.76000000000,2020
"('summer', 'night')",coal,Kenya,5.10000000000,2020
"('summer', 'night')",lfo,Kenya,14.75000000000,2020
"('summer', 'night')",hfo,Kenya,8.87000000000,2020
"('summer', 'night')",gas,Kenya,8.60000000000,2020
"('summer', 'night')",uranium,Kenya,1.76400000000,2020
"('summer', 'night')",electricity,Kenya,1.00000000000,2020
"('summer', 'day')",crude_oil,Kenya,12.20000000000,2020
"('summer', 'day')",biomass,Kenya,1.76000000000,2020
"('summer', 'day')",coal,Kenya,5.10000000000,2020
"('summer', 'day')",lfo,Kenya,14.75000000000,2020
"('summer', 'day')",hfo,Kenya,8.87000000000,2020
"('summer', 'day')",gas,Kenya,8.60000000000,2020
"('summer', 'day')",uranium,Kenya,1.76400000000,2020
"('summer', 'day')",electricity,Kenya,1.00000000000,2020
"('autumn', 'night')",crude_oil,Kenya,12.20000000000,2020
"('autumn', 'night')",biomass,Kenya,1.76000000000,2020
"('autumn', 'night')",coal,Kenya,5.10000000000,2020
"('autumn', 'night')",lfo,Kenya,14.75000000000,2020
"('autumn', 'night')",hfo,Kenya,8.87000000000,2020
"('autumn', 'night')",gas,Kenya,8.60000000000,2020
"('autumn', 'night')",uranium,Kenya,1.76400000000,2020
"('autumn', 'night')",electricity,Kenya,1.00000000000,2020
"('autumn', 'day')",crude_oil,Kenya,12.20000000000,2020
"('autumn', 'day')",biomass,Kenya,1.76000000000,2020
"('autumn', 'day')",coal,Kenya,5.10000000000,2020
"('autumn', 'day')",lfo,Kenya,14.75000000000,2020
"('autumn', 'day')",hfo,Kenya,8.87000000000,2020
"('autumn', 'day')",gas,Kenya,8.60000000000,2020
"('autumn', 'day')",uranium,Kenya,1.76400000000,2020
"('autumn', 'day')",electricity,Kenya,1.00000000000,2020
"('winter', 'night')",crude_oil,Kenya,12.76000000000,2025
"('winter', 'night')",biomass,Kenya,1.76000000000,2025
"('winter', 'night')",coal,Kenya,5.30000000000,2025
"('winter', 'night')",lfo,Kenya,15.43000000000,2025
"('winter', 'night')",hfo,Kenya,9.28000000000,2025
"('winter', 'night')",gas,Kenya,9.45000000000,2025
"('winter', 'night')",uranium,Kenya,1.76400000000,2025
"('winter', 'night')",electricity,Kenya,0.94260000000,2025
"('winter', 'day')",crude_oil,Kenya,12.76000000000,2025
"('winter', 'day')",biomass,Kenya,1.76000000000,2025
"('winter', 'day')",coal,Kenya,5.30000000000,2025
"('winter', 'day')",lfo,Kenya,15.43000000000,2025
"('winter', 'day')",hfo,Kenya,9.28000000000,2025
"('winter', 'day')",gas,Kenya,9.45000000000,2025
"('winter', 'day')",uranium,Kenya,1.76400000000,2025
"('winter', 'day')",electricity,Kenya,0.94310000000,2025
"('spring', 'night')",crude_oil,Kenya,12.76000000000,2025
"('spring', 'night')",biomass,Kenya,1.76000000000,2025
"('spring', 'night')",coal,Kenya,5.30000000000,2025
"('spring', 'night')",lfo,Kenya,15.43000000000,2025
"('spring', 'night')",hfo,Kenya,9.28000000000,2025
"('spring', 'night')",gas,Kenya,9.45000000000,2025
"('spring', 'night')",uranium,Kenya,1.76400000000,2025
"('spring', 'night')",electricity,Kenya,0.94260000000,2025
"('spring', 'day')",crude_oil,Kenya,12.76000000000,2025
"('spring', 'day')",biomass,Kenya,1.76000000000,2025
"('spring', 'day')",coal,Kenya,5.30000000000,2025
"('spring', 'day')",lfo,Kenya,15.43000000000,2025
"('spring', 'day')",hfo,Kenya,9.28000000000,2025
"('spring', 'day')",gas,Kenya,9.45000000000,2025
"('spring', 'day')",uranium,Kenya,1.76400000000,2025
"('spring', 'day')",electricity,Kenya,0.94310000000,2025
"('summer', 'night')",crude_oil,Kenya,12.76000000000,2025
"('summer', 'night')",biomass,Kenya,1.76000000000,2025
"('summer', 'night')",coal,Kenya,5.30000000000,2025
"('summer', 'night')",lfo,Kenya,15.43000000000,2025
"('summer', 'night')",hfo,Kenya,9.28000000000,2025
"('summer', 'night')",gas,Kenya,9.45000000000,2025
"('summer', 'night')",uranium,Kenya,1.76400000000,2025
"('summer', 'night')",electricity,Kenya,0.94260000000,2025
"('summer', 'day')",crude_oil,Kenya,12.76000000000,2025
"('summer', 'day')",biomass,Kenya,1.76000000000,2025
"('summer', 'day')",coal,Kenya,5.30000000000,2025
"('summer', 'day')",lfo,Kenya,15.43000000000,2025
"('summer', 'day')",hfo,Kenya,9.28000000000,2025
"('summer', 'day')",gas,Kenya,9.45000000000,2025
"('summer', 'day')",uranium,Kenya,1.76400000000,2025
"('summer', 'day')",electricity,Kenya,0.94310000000,2025
"('autumn', 'night')",crude_oil,Kenya,12.76000000000,2025
"('autumn', 'night')",biomass,Kenya,1.76000000000,2025
"('autumn', 'night')",coal,Kenya,5.30000000000,2025
"('autumn', 'night')",lfo,Kenya,15.43000000000,2025
"('autumn', 'night')",hfo,Kenya,9.28000000000,2025
"('autumn', 'night')",gas,Kenya,9.45000000000,2025
"('autumn', 'night')",uranium,Kenya,1.76400000000,2025
"('autumn', 'night')",electricity,Kenya,0.94260000000,2025
"('autumn', 'day')",crude_oil,Kenya,12.76000000000,2025
"('autumn', 'day')",biomass,Kenya,1.76000000000,2025
"('autumn', 'day')",coal,Kenya,5.30000000000,2025
"('autumn', 'day')",lfo,Kenya,15.43000000000,2025
"('autumn', 'day')",hfo,Kenya,9.28000000000,2025
"('autumn', 'day')",gas,Kenya,9.45000000000,2025
"('autumn', 'day')",uranium,Kenya,1.76400000000,2025
"('autumn', 'day')",electricity,Kenya,0.94310000000,2025
"('winter', 'night')",crude_oil,Kenya,14.27000000000,2030
"('winter', 'night')",biomass,Kenya,1.76000000000,2030
"('winter', 'night')",coal,Kenya,5.50000000000,2030
"('winter', 'night')",lfo,Kenya,17.25000000000,2030
"('winter', 'night')",hfo,Kenya,10.38000000000,2030
"('winter', 'night')",gas,Kenya,10.30000000000,2030
"('winter', 'night')",uranium,Kenya,1.76400000000,2030
"('winter', 'night')",electricity,Kenya,0.67780000000,2030
"('winter', 'day')",crude_oil,Kenya,14.27000000000,2030
"('winter', 'day')",biomass,Kenya,1.76000000000,2030
"('winter', 'day')",coal,Kenya,5.50000000000,2030
"('winter', 'day')",lfo,Kenya,17.25000000000,2030
"('winter', 'day')",hfo,Kenya,10.38000000000,2030
"('winter', 'day')",gas,Kenya,10.30000000000,2030
"('winter', 'day')",uranium,Kenya,1.76400000000,2030
"('winter', 'day')",electricity,Kenya,0.67810000000,2030
"('spring', 'night')",crude_oil,Kenya,14.27000000000,2030
"('spring', 'night')",biomass,Kenya,1.76000000000,2030
"('spring', 'night')",coal,Kenya,5.50000000000,2030
"('spring', 'night')",lfo,Kenya,17.25000000000,2030
"('spring', 'night')",hfo,Kenya,10.38000000000,2030
"('spring', 'night')",gas,Kenya,10.30000000000,2030
"('spring', 'night')",uranium,Kenya,1.76400000000,2030
"('spring', 'night')",electricity,Kenya,0.67780000000,2030
"('spring', 'day')",crude_oil,Kenya,14.27000000000,2030
"('spring', 'day')",biomass,Kenya,1.76000000000,2030
"('spring', 'day')",coal,Kenya,5.50000000000,2030
"('spring', 'day')",lfo,Kenya,17.25000000000,2030
"('spring', 'day')",hfo,Kenya,10.38000000000,2030
"('spring', 'day')",gas,Kenya,10.30000000000,2030
"('spring', 'day')",uranium,Kenya,1.76400000000,2030
"('spring', 'day')",electricity,Kenya,0.67810000000,2030
"('summer', 'night')",crude_oil,Kenya,14.27000000000,2030
"('summer', 'night')",biomass,Kenya,1.76000000000,2030
"('summer', 'night')",coal,Kenya,5.50000000000,2030
"('summer', 'night')",lfo,Kenya,17.25000000000,2030
"('summer', 'night')",hfo,Kenya,10.38000000000,2030
"('summer', 'night')",gas,Kenya,10.30000000000,2030
"('summer', 'night')",uranium,Kenya,1.76400000000,2030
"('summer', 'night')",electricity,Kenya,0.67780000000,2030
"('summer', 'day')",crude_oil,Kenya,14.27000000000,2030
"('summer', 'day')",biomass,Kenya,1.76000000000,2030
"('summer', 'day')",coal,Kenya,5.50000000000,2030
"('summer', 'day')",lfo,Kenya,17.25000000000,2030
"('summer', 'day')",hfo,Kenya,10.38000000000,2030
"('summer', 'day')",gas,Kenya,10.30000000000,2030
"('summer', 'day')",uranium,Kenya,1.76400000000,2030
"('summer', 'day')",electricity,Kenya,0.67810000000,2030
"('autumn', 'night')",crude_oil,Kenya,14.27000000000,2030
"('autumn', 'night')",biomass,Kenya,1.76000000000,2030
"('autumn', 'night')",coal,Kenya,5.50000000000,2030
"('autumn', 'night')",lfo,Kenya,17.25000000000,2030
"('autumn', 'night')",hfo,Kenya,10.38000000000,2030
"('autumn', 'night')",gas,Kenya,10.30000000000,2030
"('autumn', 'night')",uranium,Kenya,1.76400000000,2030
"('autumn', 'night')",electricity,Kenya,0.67780000000,2030
"('autumn', 'day')",crude_oil,Kenya,14.27000000000,2030
"('autumn', 'day')",biomass,Kenya,1.76000000000,2030
"('autumn', 'day')",coal,Kenya,5.50000000000,2030
"('autumn', 'day')",lfo,Kenya,17.25000000000,2030
"('autumn', 'day')",hfo,Kenya,10.38000000000,2030
"('autumn', 'day')",gas,Kenya,10.30000000000,2030
"('autumn', 'day')",uranium,Kenya,1.76400000000,2030
"('autumn', 'day')",electricity,Kenya,0.67810000000,2030
"('winter', 'night')",crude_oil,Kenya,15.58500000000,2035
"('winter', 'night')",biomass,Kenya,1.76000000000,2035
"('winter', 'night')",coal,Kenya,5.70000000000,2035
"('winter', 'night')",lfo,Kenya,18.84000000000,2035
"('winter', 'night')",hfo,Kenya,11.33500000000,2035
"('winter', 'night')",gas,Kenya,10.65000000000,2035
"('winter', 'night')",uranium,Kenya,1.76400000000,2035
"('winter', 'night')",electricity,Kenya,0.70070000000,2035
"('winter', 'day')",crude_oil,Kenya,15.58500000000,2035
"('winter', 'day')",biomass,Kenya,1.76000000000,2035
"('winter', 'day')",coal,Kenya,5.70000000000,2035
"('winter', 'day')",lfo,Kenya,18.84000000000,2035
"('winter', 'day')",hfo,Kenya,11.33500000000,2035
"('winter', 'day')",gas,Kenya,10.65000000000,2035
"('winter', 'day')",uranium,Kenya,1.76400000000,2035
"('winter', 'day')",electricity,Kenya,0.70140000000,2035
"('spring', 'night')",crude_oil,Kenya,15.58500000000,2035
"('spring', 'night')",biomass,Kenya,1.76000000000,2035
"('spring', 'night')",coal,Kenya,5.70000000000,2035
"('spring', 'night')",lfo,Kenya,18.84000000000,2035
"('spring', 'night')",hfo,Kenya,11.33500000000,2035
"('spring', 'night')",gas,Kenya,10.65000000000,2035
"('spring', 'night')",uranium,Kenya,1.76400000000,2035
"('spring', 'night')",electricity,Kenya,0.70070000000,2035
"('spring', 'day')",crude_oil,Kenya,15.58500000000,2035
"('spring', 'day')",biomass,Kenya,1.76000000000,2035
"('spring', 'day')",coal,Kenya,5.70000000000,2035
"('spring', 'day')",lfo,Kenya,18.84000000000,2035
"('spring', 'day')",hfo,Kenya,11.33500000000,2035
"('spring', 'day')",gas,Kenya,10.65000000000,2035
"('spring', 'day')",uranium,Kenya,1.76400000000,2035
"('spring', 'day')",electricity,Kenya,0.70140000000,2035
"('summer', 'night')",crude_oil,Kenya,15.58500000000,2035
"('summer', 'night')",biomass,Kenya,1.76000000000,2035
"('summer', 'night')",coal,Kenya,5.70000000000,2035
"('summer', 'night')",lfo,Kenya,18.84000000000,2035
"('summer', 'night')",hfo,Kenya,11.33500000000,2035
"('summer', 'night')",gas,Kenya,10.65000000000,2035
"('summer', 'night')",uranium,Kenya,1.76400000000,2035
"('summer', 'night')",electricity,Kenya,0.70070000000,2035
"('summer', 'day')",crude_oil,Kenya,15.58500000000,2035
"('summer', 'day')",biomass,Kenya,1.76000000000,2035
"('summer', 'day')",coal,Kenya,5.70000000000,2035
"('summer', 'day')",lfo,Kenya,18.84000000000,2035
"('summer', 'day')",hfo,Kenya,11.33500000000,2035
"('summer', 'day')",gas,Kenya,10.65000000000,2035
"('summer', 'day')",uranium,Kenya,1.76400000000,2035
"('summer', 'day')",electricity,Kenya,0.70140000000,2035
"('autumn', 'night')",crude_oil,Kenya,15.58500000000,2035
"('autumn', 'night')",biomass,Kenya,1.76000000000,2035
"('autumn', 'night')",coal,Kenya,5.70000000000,2035
"('autumn', 'night')",lfo,Kenya,18.84000000000,2035
"('autumn', 'night')",hfo,Kenya,11.33500000000,2035
"('autumn', 'night')",gas,Kenya,10.65000000000,2035
"('autumn', 'night')",uranium,Kenya,1.76400000000,2035
"('autumn', 'night')",electricity,Kenya,0.70070000000,2035
"('autumn', 'day')",crude_oil,Kenya,15.58500000000,2035
"('autumn', 'day')",biomass,Kenya,1.76000000000,2035
"('autumn', 'day')",coal,Kenya,5.70000000000,2035
"('autumn', 'day')",lfo,Kenya,18.84000000000,2035
"('autumn', 'day')",hfo,Kenya,11.33500000000,2035
"('autumn', 'day')",gas,Kenya,10.65000000000,2035
"('autumn', 'day')",uranium,Kenya,1.76400000000,2035
"('autumn', 'day')",electricity,Kenya,0.70140000000,2035
"('winter', 'night')",crude_oil,Kenya,16.90000000000,2040
"('winter', 'night')",biomass,Kenya,1.76000000000,2040
"('winter', 'night')",coal,Kenya,5.90000000000,2040
"('winter', 'night')",lfo,Kenya,20.43000000000,2040
"('winter', 'night')",hfo,Kenya,12.29000000000,2040
"('winter', 'night')",gas,Kenya,11.00000000000,2040
"('winter', 'night')",uranium,Kenya,1.76400000000,2040
"('winter', 'night')",electricity,Kenya,0.97310000000,2040
"('winter', 'day')",crude_oil,Kenya,16.90000000000,2040
"('winter', 'day')",biomass,Kenya,1.76000000000,2040
"('winter', 'day')",coal,Kenya,5.90000000000,2040
"('winter', 'day')",lfo,Kenya,20.43000000000,2040
"('winter', 'day')",hfo,Kenya,12.29000000000,2040
"('winter', 'day')",gas,Kenya,11.00000000000,2040
"('winter', 'day')",uranium,Kenya,1.76400000000,2040
"('winter', 'day')",electricity,Kenya,0.97410000000,2040
"('spring', 'night')",crude_oil,Kenya,16.90000000000,2040
"('spring', 'night')",biomass,Kenya,1.76000000000,2040
"('spring', 'night')",coal,Kenya,5.90000000000,2040
"('spring', 'night')",lfo,Kenya,20.43000000000,2040
"('spring', 'night')",hfo,Kenya,12.29000000000,2040
"('spring', 'night')",gas,Kenya,11.00000000000,2040
"('spring', 'night')",uranium,Kenya,1.76400000000,2040
"('spring', 'night')",electricity,Kenya,0.97310000000,2040
"('spring', 'day')",crude_oil,Kenya,16.90000000000,2040
"('spring', 'day')",biomass,Kenya,1.76000000000,2040
"('spring', 'day')",coal,Kenya,5.90000000000,2040
"('spring', 'day')",lfo,Kenya,20.43000000000,2040
"('spring', 'day')",hfo,Kenya,12.29000000000,2040
"('spring', 'day')",gas,Kenya,11.00000000000,2040
"('spring', 'day')",uranium,Kenya,1.76400000000,2040
"('spring', 'day')",electricity,Kenya,0.97410000000,2040
"('summer', 'night')",crude_oil,Kenya,16.90000000000,2040
"('summer', 'night')",biomass,Kenya,1.76000000000,2040
"('summer', 'night')",coal,Kenya,5.90000000000,2040
"('summer', 'night')",lfo,Kenya,20.43000000000,2040
"('summer', 'night')",hfo,Kenya,12.29000000000,2040
"('summer', 'night')",gas,Kenya,11.00000000000,2040
"('summer', 'night')",uranium,Kenya,1.76400000000,2040
"('summer', 'night')",electricity,Kenya,0.97310000000,2040
"('summer', 'day')",crude_oil,Kenya,16.90000000000,2040
"('summer', 'day')",biomass,Kenya,1.76000000000,2040
"('summer', 'day')",coal,Kenya,5.90000000000,2040
"('summer', 'day')",lfo,Kenya,20.43000000000,2040
"('summer', 'day')",hfo,Kenya,12.29000000000,2040
"('summer', 'day')",gas,Kenya,11.00000000000,2040
"('summer', 'day')",uranium,Kenya,1.76400000000,2040
"('summer', 'day')",electricity,Kenya,0.97410000000,2040
"('autumn', 'night')",crude_oil,Kenya,16.90000000000,2040
"('autumn', 'night')",biomass,Kenya,1.76000000000,2040
"('autumn', 'night')",coal,Kenya,5.90000000000,2040
"('autumn', 'night')",lfo,Kenya,20.43000000000,2040
"('autumn', 'night')",hfo,Kenya,12.29000000000,2040
"('autumn', 'night')",gas,Kenya,11.00000000000,2040
"('autumn', 'night')",uranium,Kenya,1.76400000000,2040
"('autumn', 'night')",electricity,Kenya,0.97310000000,2040
"('autumn', 'day')",crude_oil,Kenya,16.90000000000,2040
"('autumn', 'day')",biomass,Kenya,1.76000000000,2040
"('autumn', 'day')",coal,Kenya,5.90000000000,2040
"('autumn', 'day')",lfo,Kenya,20.43000000000,2040
"('autumn', 'day')",hfo,Kenya,12.29000000000,2040
"('autumn', 'day')",gas,Kenya,11.00000000000,2040
"('autumn', 'day')",uranium,Kenya,1.76400000000,2040
"('autumn', 'day')",electricity,Kenya,0.97410000000,2040
"('winter', 'night')",crude_oil,Kenya,18.21500000000,2045
"('winter', 'night')",biomass,Kenya,1.76000000000,2045
"('winter', 'night')",coal,Kenya,5.90000000000,2045
"('winter', 'night')",lfo,Kenya,22.02000000000,2045
"('winter', 'night')",hfo,Kenya,13.24500000000,2045
"('winter', 'night')",gas,Kenya,11.00000000000,2045
"('winter', 'night')",uranium,Kenya,1.76400000000,2045
"('winter', 'night')",electricity,Kenya,1.46200000000,2045
"('winter', 'day')",crude_oil,Kenya,18.21500000000,2045
"('winter', 'day')",biomass,Kenya,1.76000000000,2045
"('winter', 'day')",coal,Kenya,5.90000000000,2045
"('winter', 'day')",lfo,Kenya,22.02000000000,2045
"('winter', 'day')",hfo,Kenya,13.24500000000,2045
"('winter', 'day')",gas,Kenya,11.00000000000,2045
"('winter', 'day')",uranium,Kenya,1.76400000000,2045
"('winter', 'day')",electricity,Kenya,1.46320000000,2045
"('spring', 'night')",crude_oil,Kenya,18.21500000000,2045
"('spring', 'night')",biomass,Kenya,1.76000000000,2045
"('spring', 'night')",coal,Kenya,5.90000000000,2045
"('spring', 'night')",lfo,Kenya,22.02000000000,2045
"('spring', 'night')",hfo,Kenya,13.24500000000,2045
"('spring', 'night')",gas,Kenya,11.00000000000,2045
"('spring', 'night')",uranium,Kenya,1.76400000000,2045
"('spring', 'night')",electricity,Kenya,1.46200000000,2045
"('spring', 'day')",crude_oil,Kenya,18.21500000000,2045
"('spring', 'day')",biomass,Kenya,1.76000000000,2045
"('spring', 'day')",coal,Kenya,5.90000000000,2045
"('spring', 'day')",lfo,Kenya,22.02000000000,2045
"('spring', 'day')",hfo,Kenya,13.24500000000,2045
"('spring', 'day')",gas,Kenya,11.00000000000,2045
"('spring', 'day')",uranium,Kenya,1.76400000000,2045
"('spring', 'day')",electricity,Kenya,1.46320000000,2045
"('summer', 'night')",crude_oil,Kenya,18.21500000000,2045
"('summer', 'night')",biomass,Kenya,1.76000000000,2045
"('summer', 'night')",coal,Kenya,5.90000000000,2045
"('summer', 'night')",lfo,Kenya,22.02000000000,2045
"('summer', 'night')",hfo,Kenya,13.24500000000,2045
"('summer', 'night')",gas,Kenya,11.00000000000,2045
"('summer', 'night')",uranium,Kenya,1.76400000000,2045
"('summer', 'night')",electricity,Kenya,1.46200000000,2045
"('summer', 'day')",crude_oil,Kenya,18.21500000000,2045
"('summer', 'day')",biomass,Kenya,1.76000000000,2045
"('summer', 'day')",coal,Kenya,5.90000000000,2045
"('summer', 'day')",lfo,Kenya,22.02000000000,2045
"('summer', 'day')",hfo,Kenya,13.24500000000,2045
"('summer', 'day')",gas,Kenya,11.00000000000,2045
"('summer', 'day')",uranium,Kenya,1.76400000000,2045
"('summer', 'day')",electricity,Kenya,1.46320000000,2045
"('autumn', 'night')",crude_oil,Kenya,18.21500000000,2045
"('autumn', 'night')",biomass,Kenya,1.76000000000,2045
"('autumn', 'night')",coal,Kenya,5.90000000000,2045
"('autumn', 'night')",lfo,Kenya,22.02000000000,2045
"('autumn', 'night')",hfo,Kenya,13.24500000000,2045
"('autumn', 'night')",gas,Kenya,11.00000000000,2045
"('autumn', 'night')",uranium,Kenya,1.76400000000,2045
"('autumn', 'night')",electricity,Kenya,1.46200000000,2045
"('autumn', 'day')",crude_oil,Kenya,18.21500000000,2045
"('autumn', 'day')",biomass,Kenya,1.76000000000,2045
"('autumn', 'day')",coal,Kenya,5.90000000000,2045
"('autumn', 'day')",lfo,Kenya,22.02000000000,2045
"('autumn', 'day')",hfo,Kenya,13.24500000000,2045
"('autumn', 'day')",gas,Kenya,11.00000000000,2045
"('autumn', 'day')",uranium,Kenya,1.76400000000,2045
"('autumn', 'day')",electricity,Kenya,1.46320000000,2045
