timeslice,commodity,region,units_prices,supply,year
"('winter', 'night')",electricity,Kenya,MUS$2020/PJ,43.64340000000,2020
"('winter', 'day')",electricity,Kenya,MUS$2020/PJ,44.45600000000,2020
"('spring', 'night')",electricity,Kenya,MUS$2020/PJ,43.69060000000,2020
"('spring', 'day')",electricity,Kenya,MUS$2020/PJ,44.44560000000,2020
"('summer', 'night')",electricity,Kenya,MUS$2020/PJ,43.90170000000,2020
"('summer', 'day')",electricity,Kenya,MUS$2020/PJ,43.77430000000,2020
"('autumn', 'night')",electricity,Kenya,MUS$2020/PJ,43.98950000000,2020
"('autumn', 'day')",electricity,Kenya,MUS$2020/PJ,44.63120000000,2020
"('winter', 'night')",electricity,Kenya,MUS$2020/PJ,113.94380000000,2025
"('winter', 'day')",electricity,Kenya,MUS$2020/PJ,114.74020000000,2025
"('spring', 'night')",electricity,Kenya,MUS$2020/PJ,113.99010000000,2025
"('spring', 'day')",electricity,Kenya,MUS$2020/PJ,114.73000000000,2025
"('summer', 'night')",electricity,Kenya,MUS$2020/PJ,114.19700000000,2025
"('summer', 'day')",electricity,Kenya,MUS$2020/PJ,114.07220000000,2025
"('autumn', 'night')",electricity,Kenya,MUS$2020/PJ,114.28300000000,2025
"('autumn', 'day')",electricity,Kenya,MUS$2020/PJ,114.91190000000,2025
"('winter', 'night')",electricity,Kenya,MUS$2020/PJ,220.66490000000,2030
"('winter', 'day')",electricity,Kenya,MUS$2020/PJ,221.44530000000,2030
"('spring', 'night')",electricity,Kenya,MUS$2020/PJ,220.71030000000,2030
"('spring', 'day')",electricity,Kenya,MUS$2020/PJ,221.43530000000,2030
"('summer', 'night')",electricity,Kenya,MUS$2020/PJ,220.91300000000,2030
"('summer', 'day')",electricity,Kenya,MUS$2020/PJ,220.79070000000,2030
"('autumn', 'night')",electricity,Kenya,MUS$2020/PJ,220.99730000000,2030
"('autumn', 'day')",electricity,Kenya,MUS$2020/PJ,221.61360000000,2030
"('winter', 'night')",electricity,Kenya,MUS$2020/PJ,358.35130000000,2035
"('winter', 'day')",electricity,Kenya,MUS$2020/PJ,360.33900000000,2035
"('spring', 'night')",electricity,Kenya,MUS$2020/PJ,358.39570000000,2035
"('spring', 'day')",electricity,Kenya,MUS$2020/PJ,360.20840000000,2035
"('summer', 'night')",electricity,Kenya,MUS$2020/PJ,358.59440000000,2035
"('summer', 'day')",electricity,Kenya,MUS$2020/PJ,359.60280000000,2035
"('autumn', 'night')",electricity,Kenya,MUS$2020/PJ,358.67700000000,2035
"('autumn', 'day')",electricity,Kenya,MUS$2020/PJ,360.44390000000,2035
"('winter', 'night')",electricity,Kenya,MUS$2020/PJ,523.80550000000,2040
"('winter', 'day')",electricity,Kenya,MUS$2020/PJ,527.72320000000,2040
"('spring', 'night')",electricity,Kenya,MUS$2020/PJ,523.84910000000,2040
"('spring', 'day')",electricity,Kenya,MUS$2020/PJ,527.40070000000,2040
"('summer', 'night')",electricity,Kenya,MUS$2020/PJ,524.04380000000,2040
"('summer', 'day')",electricity,Kenya,MUS$2020/PJ,526.84950000000,2040
"('autumn', 'night')",electricity,Kenya,MUS$2020/PJ,524.12480000000,2040
"('autumn', 'day')",electricity,Kenya,MUS$2020/PJ,527.72950000000,2040
"('winter', 'night')",electricity,Kenya,MUS$2020/PJ,713.76200000000,2045
"('winter', 'day')",electricity,Kenya,MUS$2020/PJ,720.03970000000,2045
"('spring', 'night')",electricity,Kenya,MUS$2020/PJ,713.80470000000,2045
"('spring', 'day')",electricity,Kenya,MUS$2020/PJ,719.48280000000,2045
"('summer', 'night')",electricity,Kenya,MUS$2020/PJ,713.99550000000,2045
"('summer', 'day')",electricity,Kenya,MUS$2020/PJ,718.99500000000,2045
"('autumn', 'night')",electricity,Kenya,MUS$2020/PJ,714.07490000000,2045
"('autumn', 'day')",electricity,Kenya,MUS$2020/PJ,719.92630000000,2045
