RegionName,Attribute,Time,crude_oil,biomass,coal,LFO,HFO,gas,CO2f,geothermal,hydro,solar,uranium,wind,electricity,heat
Unit,-,Year,MUS$2020/PJ,MUS$2020/PJ,MUS$2020/PJ,MUS$2020/PJ,MUS$2020/PJ,MUS$2020/PJ,MUS$2020/kt,MUS$2020/PJ,MUS$2020/PJ,MUS$2020/PJ,MUS$2020/PJ,MUS$2020/PJ,MUS$2020/PJ,MUS$2020/PJ
Kenya,CommodityPrice,2015,13.14,1.76,4.9,15.89,9.56,8.6,0,0,0,0,1.764,0,1,0
Kenya,CommodityPrice,2020,12.2,1.76,5.1,14.75,8.87,8.6,0,0,0,0,1.764,0,1,0
Kenya,CommodityPrice,2025,12.76,1.76,5.3,15.43,9.28,9.45,0,0,0,0,1.764,0,1,0
Kenya,CommodityPrice,2030,14.27,1.76,5.5,17.25,10.38,10.3,0,0,0,0,1.764,0,1,0
Kenya,CommodityPrice,2040,16.9,1.76,5.9,20.43,12.29,11.0,0,0,0,0,1.764,0,1,0
Kenya,CommodityPrice,2050,19.53,1.76,5.9,23.61,14.2,11.0,0,0,0,0,1.764,0,1,0
Kenya,CommodityPrice,2060,22.15,1.76,5.9,26.79,16.11,11.0,0,0,0,0,1.764,0,1,0
