ProcessName,RegionName,Time,Level,CO2f,biomass,coal,gas,geothermal,hydro,HFO,LFO,crude_oil,solar,uranium,wind,electricity,heat
Unit,-,Year,-,kt/PJ,PJ/PJ,PJ/PJ,PJ/PJ,PJ/PJ,PJ/PJ,PJ/PJ,PJ/PJ,PJ/PJ,PJ/PJ,PJ/PJ,PJ/PJ,PJ/PJ,PJ/PJ
Biomass Power Plant,Kenya,2020,fixed,100.0,0.0,0.0,0.0,0.0,0.0,0.0,0.0,0,0.0,0.0,0.0,1,0
Biomass Power Plant,Kenya,2015,fixed,100.0,0.0,0.0,0.0,0.0,0.0,0.0,0.0,0,0.0,0.0,0.0,1,0
Biomass Power Plant,Kenya,2025,fixed,100.0,0.0,0.0,0.0,0.0,0.0,0.0,0.0,0,0.0,0.0,0.0,1,0
Biomass Power Plant,Kenya,2030,fixed,100.0,0.0,0.0,0.0,0.0,0.0,0.0,0.0,0,0.0,0.0,0.0,1,0
Biomass Power Plant,Kenya,2040,fixed,100.0,0.0,0.0,0.0,0.0,0.0,0.0,0.0,0,0.0,0.0,0.0,1,0
Biomass Power Plant,Kenya,2050,fixed,100.0,0.0,0.0,0.0,0.0,0.0,0.0,0.0,0,0.0,0.0,0.0,1,0
CSP with Storage,Kenya,2020,fixed,0.0,0.0,0.0,0.0,0.0,0.0,0.0,0.0,0,0.0,0.0,0.0,1,0
CSP with Storage,Kenya,2015,fixed,0.0,0.0,0.0,0.0,0.0,0.0,0.0,0.0,0,0.0,0.0,0.0,1,0
CSP with Storage,Kenya,2025,fixed,0.0,0.0,0.0,0.0,0.0,0.0,0.0,0.0,0,0.0,0.0,0.0,1,0
CSP with Storage,Kenya,2030,fixed,0.0,0.0,0.0,0.0,0.0,0.0,0.0,0.0,0,0.0,0.0,0.0,1,0
CSP with Storage,Kenya,2040,fixed,0.0,0.0,0.0,0.0,0.0,0.0,0.0,0.0,0,0.0,0.0,0.0,1,0
CSP with Storage,Kenya,2050,fixed,0.0,0.0,0.0,0.0,0.0,0.0,0.0,0.0,0,0.0,0.0,0.0,1,0
CSP without Storage,Kenya,2020,fixed,0.0,0.0,0.0,0.0,0.0,0.0,0.0,0.0,0,0.0,0.0,0.0,1,0
CSP without Storage,Kenya,2015,fixed,0.0,0.0,0.0,0.0,0.0,0.0,0.0,0.0,0,0.0,0.0,0.0,1,0
CSP without Storage,Kenya,2025,fixed,0.0,0.0,0.0,0.0,0.0,0.0,0.0,0.0,0,0.0,0.0,0.0,1,0
CSP without Storage,Kenya,2030,fixed,0.0,0.0,0.0,0.0,0.0,0.0,0.0,0.0,0,0.0,0.0,0.0,1,0
CSP without Storage,Kenya,2040,fixed,0.0,0.0,0.0,0.0,0.0,0.0,0.0,0.0,0,0.0,0.0,0.0,1,0
CSP without Storage,Kenya,2050,fixed,0.0,0.0,0.0,0.0,0.0,0.0,0.0,0.0,0,0.0,0.0,0.0,1,0
Coal Power Plant,Kenya,2020,fixed,94.6,0.0,0.0,0.0,0.0,0.0,0.0,0.0,0,0.0,0.0,0.0,1,0
Coal Power Plant,Kenya,2015,fixed,94.6,0.0,0.0,0.0,0.0,0.0,0.0,0.0,0,0.0,0.0,0.0,1,0
Coal Power Plant,Kenya,2025,fixed,94.6,0.0,0.0,0.0,0.0,0.0,0.0,0.0,0,0.0,0.0,0.0,1,0
Coal Power Plant,Kenya,2030,fixed,94.6,0.0,0.0,0.0,0.0,0.0,0.0,0.0,0,0.0,0.0,0.0,1,0
Coal Power Plant,Kenya,2040,fixed,94.6,0.0,0.0,0.0,0.0,0.0,0.0,0.0,0,0.0,0.0,0.0,1,0
Coal Power Plant,Kenya,2050,fixed,94.6,0.0,0.0,0.0,0.0,0.0,0.0,0.0,0,0.0,0.0,0.0,1,0
Gas Power Plant (CCGT),Kenya,2020,fixed,56.1,0.0,0.0,0.0,0.0,0.0,0.0,0.0,0,0.0,0.0,0.0,1,0
Gas Power Plant (CCGT),Kenya,2015,fixed,56.1,0.0,0.0,0.0,0.0,0.0,0.0,0.0,0,0.0,0.0,0.0,1,0
Gas Power Plant (CCGT),Kenya,2025,fixed,56.1,0.0,0.0,0.0,0.0,0.0,0.0,0.0,0,0.0,0.0,0.0,1,0
Gas Power Plant (CCGT),Kenya,2030,fixed,56.1,0.0,0.0,0.0,0.0,0.0,0.0,0.0,0,0.0,0.0,0.0,1,0
Gas Power Plant (CCGT),Kenya,2040,fixed,56.1,0.0,0.0,0.0,0.0,0.0,0.0,0.0,0,0.0,0.0,0.0,1,0
Gas Power Plant (CCGT),Kenya,2050,fixed,56.1,0.0,0.0,0.0,0.0,0.0,0.0,0.0,0,0.0,0.0,0.0,1,0
Gas Power Plant (SCGT),Kenya,2020,fixed,56.1,0.0,0.0,0.0,0.0,0.0,0.0,0.0,0,0.0,0.0,0.0,1,0
Gas Power Plant (SCGT),Kenya,2015,fixed,56.1,0.0,0.0,0.0,0.0,0.0,0.0,0.0,0,0.0,0.0,0.0,1,0
Gas Power Plant (SCGT),Kenya,2025,fixed,56.1,0.0,0.0,0.0,0.0,0.0,0.0,0.0,0,0.0,0.0,0.0,1,0
Gas Power Plant (SCGT),Kenya,2030,fixed,56.1,0.0,0.0,0.0,0.0,0.0,0.0,0.0,0,0.0,0.0,0.0,1,0
Gas Power Plant (SCGT),Kenya,2040,fixed,56.1,0.0,0.0,0.0,0.0,0.0,0.0,0.0,0,0.0,0.0,0.0,1,0
Gas Power Plant (SCGT),Kenya,2050,fixed,56.1,0.0,0.0,0.0,0.0,0.0,0.0,0.0,0,0.0,0.0,0.0,1,0
Geothermal Power Plant,Kenya,2020,fixed,0.0,0.0,0.0,0.0,0.0,0.0,0.0,0.0,0,0.0,0.0,0.0,1,0
Geothermal Power Plant,Kenya,2015,fixed,0.0,0.0,0.0,0.0,0.0,0.0,0.0,0.0,0,0.0,0.0,0.0,1,0
Geothermal Power Plant,Kenya,2025,fixed,0.0,0.0,0.0,0.0,0.0,0.0,0.0,0.0,0,0.0,0.0,0.0,1,0
Geothermal Power Plant,Kenya,2030,fixed,0.0,0.0,0.0,0.0,0.0,0.0,0.0,0.0,0,0.0,0.0,0.0,1,0
Geothermal Power Plant,Kenya,2040,fixed,0.0,0.0,0.0,0.0,0.0,0.0,0.0,0.0,0,0.0,0.0,0.0,1,0
Geothermal Power Plant,Kenya,2050,fixed,0.0,0.0,0.0,0.0,0.0,0.0,0.0,0.0,0,0.0,0.0,0.0,1,0
Large Hydropower Plant (Dam) (>100MW),Kenya,2020,fixed,0.0,0.0,0.0,0.0,0.0,0.0,0.0,0.0,0,0.0,0.0,0.0,1,0
Large Hydropower Plant (Dam) (>100MW),Kenya,2015,fixed,0.0,0.0,0.0,0.0,0.0,0.0,0.0,0.0,0,0.0,0.0,0.0,1,0
Large Hydropower Plant (Dam) (>100MW),Kenya,2025,fixed,0.0,0.0,0.0,0.0,0.0,0.0,0.0,0.0,0,0.0,0.0,0.0,1,0
Large Hydropower Plant (Dam) (>100MW),Kenya,2030,fixed,0.0,0.0,0.0,0.0,0.0,0.0,0.0,0.0,0,0.0,0.0,0.0,1,0
Large Hydropower Plant (Dam) (>100MW),Kenya,2040,fixed,0.0,0.0,0.0,0.0,0.0,0.0,0.0,0.0,0,0.0,0.0,0.0,1,0
Large Hydropower Plant (Dam) (>100MW),Kenya,2050,fixed,0.0,0.0,0.0,0.0,0.0,0.0,0.0,0.0,0,0.0,0.0,0.0,1,0
Light Fuel Oil Power Plant,Kenya,2020,fixed,69.3,0.0,0.0,0.0,0.0,0.0,0.0,0.0,0,0.0,0.0,0.0,1,0
Light Fuel Oil Power Plant,Kenya,2015,fixed,69.3,0.0,0.0,0.0,0.0,0.0,0.0,0.0,0,0.0,0.0,0.0,1,0
Light Fuel Oil Power Plant,Kenya,2025,fixed,69.3,0.0,0.0,0.0,0.0,0.0,0.0,0.0,0,0.0,0.0,0.0,1,0
Light Fuel Oil Power Plant,Kenya,2030,fixed,69.3,0.0,0.0,0.0,0.0,0.0,0.0,0.0,0,0.0,0.0,0.0,1,0
Light Fuel Oil Power Plant,Kenya,2040,fixed,69.3,0.0,0.0,0.0,0.0,0.0,0.0,0.0,0,0.0,0.0,0.0,1,0
Light Fuel Oil Power Plant,Kenya,2050,fixed,69.3,0.0,0.0,0.0,0.0,0.0,0.0,0.0,0,0.0,0.0,0.0,1,0
Light Fuel Oil Standalone Generator (1kW),Kenya,2020,fixed,69.3,0.0,0.0,0.0,0.0,0.0,0.0,0.0,0,0.0,0.0,0.0,1,0
Light Fuel Oil Standalone Generator (1kW),Kenya,2015,fixed,69.3,0.0,0.0,0.0,0.0,0.0,0.0,0.0,0,0.0,0.0,0.0,1,0
Light Fuel Oil Standalone Generator (1kW),Kenya,2025,fixed,69.3,0.0,0.0,0.0,0.0,0.0,0.0,0.0,0,0.0,0.0,0.0,1,0
Light Fuel Oil Standalone Generator (1kW),Kenya,2030,fixed,69.3,0.0,0.0,0.0,0.0,0.0,0.0,0.0,0,0.0,0.0,0.0,1,0
Light Fuel Oil Standalone Generator (1kW),Kenya,2040,fixed,69.3,0.0,0.0,0.0,0.0,0.0,0.0,0.0,0,0.0,0.0,0.0,1,0
Light Fuel Oil Standalone Generator (1kW),Kenya,2050,fixed,69.3,0.0,0.0,0.0,0.0,0.0,0.0,0.0,0,0.0,0.0,0.0,1,0
Medium Hydropower Plant (10-100MW),Kenya,2020,fixed,0.0,0.0,0.0,0.0,0.0,0.0,0.0,0.0,0,0.0,0.0,0.0,1,0
Medium Hydropower Plant (10-100MW),Kenya,2015,fixed,0.0,0.0,0.0,0.0,0.0,0.0,0.0,0.0,0,0.0,0.0,0.0,1,0
Medium Hydropower Plant (10-100MW),Kenya,2025,fixed,0.0,0.0,0.0,0.0,0.0,0.0,0.0,0.0,0,0.0,0.0,0.0,1,0
Medium Hydropower Plant (10-100MW),Kenya,2030,fixed,0.0,0.0,0.0,0.0,0.0,0.0,0.0,0.0,0,0.0,0.0,0.0,1,0
Medium Hydropower Plant (10-100MW),Kenya,2040,fixed,0.0,0.0,0.0,0.0,0.0,0.0,0.0,0.0,0,0.0,0.0,0.0,1,0
Medium Hydropower Plant (10-100MW),Kenya,2050,fixed,0.0,0.0,0.0,0.0,0.0,0.0,0.0,0.0,0,0.0,0.0,0.0,1,0
Nuclear Power Plant,Kenya,2020,fixed,0.0,0.0,0.0,0.0,0.0,0.0,0.0,0.0,0,0.0,0.0,0.0,1,0
Nuclear Power Plant,Kenya,2015,fixed,0.0,0.0,0.0,0.0,0.0,0.0,0.0,0.0,0,0.0,0.0,0.0,1,0
Nuclear Power Plant,Kenya,2025,fixed,0.0,0.0,0.0,0.0,0.0,0.0,0.0,0.0,0,0.0,0.0,0.0,1,0
Nuclear Power Plant,Kenya,2030,fixed,0.0,0.0,0.0,0.0,0.0,0.0,0.0,0.0,0,0.0,0.0,0.0,1,0
Nuclear Power Plant,Kenya,2040,fixed,0.0,0.0,0.0,0.0,0.0,0.0,0.0,0.0,0,0.0,0.0,0.0,1,0
Nuclear Power Plant,Kenya,2050,fixed,0.0,0.0,0.0,0.0,0.0,0.0,0.0,0.0,0,0.0,0.0,0.0,1,0
Offshore Wind,Kenya,2020,fixed,0.0,0.0,0.0,0.0,0.0,0.0,0.0,0.0,0,0.0,0.0,0.0,1,0
Offshore Wind,Kenya,2015,fixed,0.0,0.0,0.0,0.0,0.0,0.0,0.0,0.0,0,0.0,0.0,0.0,1,0
Offshore Wind,Kenya,2025,fixed,0.0,0.0,0.0,0.0,0.0,0.0,0.0,0.0,0,0.0,0.0,0.0,1,0
Offshore Wind,Kenya,2030,fixed,0.0,0.0,0.0,0.0,0.0,0.0,0.0,0.0,0,0.0,0.0,0.0,1,0
Offshore Wind,Kenya,2040,fixed,0.0,0.0,0.0,0.0,0.0,0.0,0.0,0.0,0,0.0,0.0,0.0,1,0
Offshore Wind,Kenya,2050,fixed,0.0,0.0,0.0,0.0,0.0,0.0,0.0,0.0,0,0.0,0.0,0.0,1,0
Oil Fired Gas Turbine (SCGT),Kenya,2020,fixed,77.4,0.0,0.0,0.0,0.0,0.0,0.0,0.0,0,0.0,0.0,0.0,1,0
Oil Fired Gas Turbine (SCGT),Kenya,2015,fixed,77.4,0.0,0.0,0.0,0.0,0.0,0.0,0.0,0,0.0,0.0,0.0,1,0
Oil Fired Gas Turbine (SCGT),Kenya,2025,fixed,77.4,0.0,0.0,0.0,0.0,0.0,0.0,0.0,0,0.0,0.0,0.0,1,0
Oil Fired Gas Turbine (SCGT),Kenya,2030,fixed,77.4,0.0,0.0,0.0,0.0,0.0,0.0,0.0,0,0.0,0.0,0.0,1,0
Oil Fired Gas Turbine (SCGT),Kenya,2040,fixed,77.4,0.0,0.0,0.0,0.0,0.0,0.0,0.0,0,0.0,0.0,0.0,1,0
Oil Fired Gas Turbine (SCGT),Kenya,2050,fixed,77.4,0.0,0.0,0.0,0.0,0.0,0.0,0.0,0,0.0,0.0,0.0,1,0
Onshore Wind,Kenya,2020,fixed,0.0,0.0,0.0,0.0,0.0,0.0,0.0,0.0,0,0.0,0.0,0.0,1,0
Onshore Wind,Kenya,2015,fixed,0.0,0.0,0.0,0.0,0.0,0.0,0.0,0.0,0,0.0,0.0,0.0,1,0
Onshore Wind,Kenya,2025,fixed,0.0,0.0,0.0,0.0,0.0,0.0,0.0,0.0,0,0.0,0.0,0.0,1,0
Onshore Wind,Kenya,2030,fixed,0.0,0.0,0.0,0.0,0.0,0.0,0.0,0.0,0,0.0,0.0,0.0,1,0
Onshore Wind,Kenya,2040,fixed,0.0,0.0,0.0,0.0,0.0,0.0,0.0,0.0,0,0.0,0.0,0.0,1,0
Onshore Wind,Kenya,2050,fixed,0.0,0.0,0.0,0.0,0.0,0.0,0.0,0.0,0,0.0,0.0,0.0,1,0
Small Hydropower Plant (<10MW),Kenya,2020,fixed,0.0,0.0,0.0,0.0,0.0,0.0,0.0,0.0,0,0.0,0.0,0.0,1,0
Small Hydropower Plant (<10MW),Kenya,2015,fixed,0.0,0.0,0.0,0.0,0.0,0.0,0.0,0.0,0,0.0,0.0,0.0,1,0
Small Hydropower Plant (<10MW),Kenya,2025,fixed,0.0,0.0,0.0,0.0,0.0,0.0,0.0,0.0,0,0.0,0.0,0.0,1,0
Small Hydropower Plant (<10MW),Kenya,2030,fixed,0.0,0.0,0.0,0.0,0.0,0.0,0.0,0.0,0,0.0,0.0,0.0,1,0
Small Hydropower Plant (<10MW),Kenya,2040,fixed,0.0,0.0,0.0,0.0,0.0,0.0,0.0,0.0,0,0.0,0.0,0.0,1,0
Small Hydropower Plant (<10MW),Kenya,2050,fixed,0.0,0.0,0.0,0.0,0.0,0.0,0.0,0.0,0,0.0,0.0,0.0,1,0
Solar PV (Distributed with Storage),Kenya,2020,fixed,0.0,0.0,0.0,0.0,0.0,0.0,0.0,0.0,0,0.0,0.0,0.0,1,0
Solar PV (Distributed with Storage),Kenya,2015,fixed,0.0,0.0,0.0,0.0,0.0,0.0,0.0,0.0,0,0.0,0.0,0.0,1,0
Solar PV (Distributed with Storage),Kenya,2025,fixed,0.0,0.0,0.0,0.0,0.0,0.0,0.0,0.0,0,0.0,0.0,0.0,1,0
Solar PV (Distributed with Storage),Kenya,2030,fixed,0.0,0.0,0.0,0.0,0.0,0.0,0.0,0.0,0,0.0,0.0,0.0,1,0
Solar PV (Distributed with Storage),Kenya,2040,fixed,0.0,0.0,0.0,0.0,0.0,0.0,0.0,0.0,0,0.0,0.0,0.0,1,0
Solar PV (Distributed with Storage),Kenya,2050,fixed,0.0,0.0,0.0,0.0,0.0,0.0,0.0,0.0,0,0.0,0.0,0.0,1,0
Solar PV (Utility),Kenya,2020,fixed,0.0,0.0,0.0,0.0,0.0,0.0,0.0,0.0,0,0.0,0.0,0.0,1,0
Solar PV (Utility),Kenya,2015,fixed,0.0,0.0,0.0,0.0,0.0,0.0,0.0,0.0,0,0.0,0.0,0.0,1,0
Solar PV (Utility),Kenya,2025,fixed,0.0,0.0,0.0,0.0,0.0,0.0,0.0,0.0,0,0.0,0.0,0.0,1,0
Solar PV (Utility),Kenya,2030,fixed,0.0,0.0,0.0,0.0,0.0,0.0,0.0,0.0,0,0.0,0.0,0.0,1,0
Solar PV (Utility),Kenya,2040,fixed,0.0,0.0,0.0,0.0,0.0,0.0,0.0,0.0,0,0.0,0.0,0.0,1,0
Solar PV (Utility),Kenya,2050,fixed,0.0,0.0,0.0,0.0,0.0,0.0,0.0,0.0,0,0.0,0.0,0.0,1,0
