ProcessName,RegionName,Time,Level,CO2f,biomass,coal,gas,geothermal,hydro,HFO,LFO,crude_oil,solar,uranium,wind,electricity,heat
Unit,-,Year,-,kt/PJ,PJ/PJ,PJ/PJ,PJ/PJ,PJ/PJ,PJ/PJ,PJ/PJ,PJ/PJ,PJ/PJ,PJ/PJ,PJ/PJ,PJ/PJ,PJ/PJ,PJ/PJ
Biomass Power Plant,Kenya,2015,fixed,0,2.857142857142857,0,0,0,0,0,0,0,0,0,0,0,0
Biomass Power Plant,Kenya,2020,fixed,0,2.857142857142857,0,0,0,0,0,0,0,0,0,0,0,0
Biomass Power Plant,Kenya,2025,fixed,0,2.857142857142857,0,0,0,0,0,0,0,0,0,0,0,0
Biomass Power Plant,Kenya,2030,fixed,0,2.857142857142857,0,0,0,0,0,0,0,0,0,0,0,0
Biomass Power Plant,Kenya,2040,fixed,0,2.857142857142857,0,0,0,0,0,0,0,0,0,0,0,0
Biomass Power Plant,Kenya,2050,fixed,0,2.857142857142857,0,0,0,0,0,0,0,0,0,0,0,0
CSP with Storage,Kenya,2015,fixed,0,0,0,0,0,0,0,0,0,1.0,0,0,0,0
CSP with Storage,Kenya,2020,fixed,0,0,0,0,0,0,0,0,0,1.0,0,0,0,0
CSP with Storage,Kenya,2025,fixed,0,0,0,0,0,0,0,0,0,1.0,0,0,0,0
CSP with Storage,Kenya,2030,fixed,0,0,0,0,0,0,0,0,0,1.0,0,0,0,0
CSP with Storage,Kenya,2040,fixed,0,0,0,0,0,0,0,0,0,1.0,0,0,0,0
CSP with Storage,Kenya,2050,fixed,0,0,0,0,0,0,0,0,0,1.0,0,0,0,0
CSP without Storage,Kenya,2015,fixed,0,0,0,0,0,0,0,0,0,1.0,0,0,0,0
CSP without Storage,Kenya,2020,fixed,0,0,0,0,0,0,0,0,0,1.0,0,0,0,0
CSP without Storage,Kenya,2025,fixed,0,0,0,0,0,0,0,0,0,1.0,0,0,0,0
CSP without Storage,Kenya,2030,fixed,0,0,0,0,0,0,0,0,0,1.0,0,0,0,0
CSP without Storage,Kenya,2040,fixed,0,0,0,0,0,0,0,0,0,1.0,0,0,0,0
CSP without Storage,Kenya,2050,fixed,0,0,0,0,0,0,0,0,0,1.0,0,0,0,0
Coal Power Plant,Kenya,2015,fixed,0,0,2.7027027027027026,0,0,0,0,0,0,0,0,0,0,0
Coal Power Plant,Kenya,2020,fixed,0,0,2.7027027027027026,0,0,0,0,0,0,0,0,0,0,0
Coal Power Plant,Kenya,2025,fixed,0,0,2.7027027027027026,0,0,0,0,0,0,0,0,0,0,0
Coal Power Plant,Kenya,2030,fixed,0,0,2.7027027027027026,0,0,0,0,0,0,0,0,0,0,0
Coal Power Plant,Kenya,2040,fixed,0,0,2.7027027027027026,0,0,0,0,0,0,0,0,0,0,0
Coal Power Plant,Kenya,2050,fixed,0,0,2.7027027027027026,0,0,0,0,0,0,0,0,0,0,0
Gas Power Plant (CCGT),Kenya,2015,fixed,0,0,0,2.0833333333333335,0,0,0,0,0,0,0,0,0,0
Gas Power Plant (CCGT),Kenya,2020,fixed,0,0,0,2.0833333333333335,0,0,0,0,0,0,0,0,0,0
Gas Power Plant (CCGT),Kenya,2025,fixed,0,0,0,2.0833333333333335,0,0,0,0,0,0,0,0,0,0
Gas Power Plant (CCGT),Kenya,2030,fixed,0,0,0,2.0833333333333335,0,0,0,0,0,0,0,0,0,0
Gas Power Plant (CCGT),Kenya,2040,fixed,0,0,0,2.0833333333333335,0,0,0,0,0,0,0,0,0,0
Gas Power Plant (CCGT),Kenya,2050,fixed,0,0,0,2.0833333333333335,0,0,0,0,0,0,0,0,0,0
Gas Power Plant (SCGT),Kenya,2015,fixed,0,0,0,3.3333333333333335,0,0,0,0,0,0,0,0,0,0
Gas Power Plant (SCGT),Kenya,2020,fixed,0,0,0,3.3333333333333335,0,0,0,0,0,0,0,0,0,0
Gas Power Plant (SCGT),Kenya,2025,fixed,0,0,0,3.3333333333333335,0,0,0,0,0,0,0,0,0,0
Gas Power Plant (SCGT),Kenya,2030,fixed,0,0,0,3.3333333333333335,0,0,0,0,0,0,0,0,0,0
Gas Power Plant (SCGT),Kenya,2040,fixed,0,0,0,3.3333333333333335,0,0,0,0,0,0,0,0,0,0
Gas Power Plant (SCGT),Kenya,2050,fixed,0,0,0,3.3333333333333335,0,0,0,0,0,0,0,0,0,0
Geothermal Power Plant,Kenya,2015,fixed,0,0,0,0,1.25,0,0,0,0,0,0,0,0,0
Geothermal Power Plant,Kenya,2020,fixed,0,0,0,0,1.25,0,0,0,0,0,0,0,0,0
Geothermal Power Plant,Kenya,2025,fixed,0,0,0,0,1.25,0,0,0,0,0,0,0,0,0
Geothermal Power Plant,Kenya,2030,fixed,0,0,0,0,1.25,0,0,0,0,0,0,0,0,0
Geothermal Power Plant,Kenya,2040,fixed,0,0,0,0,1.25,0,0,0,0,0,0,0,0,0
Geothermal Power Plant,Kenya,2050,fixed,0,0,0,0,1.25,0,0,0,0,0,0,0,0,0
Large Hydropower Plant (Dam) (>100MW),Kenya,2015,fixed,0,0,0,0,0,1.0,0,0,0,0,0,0,0,0
Large Hydropower Plant (Dam) (>100MW),Kenya,2020,fixed,0,0,0,0,0,1.0,0,0,0,0,0,0,0,0
Large Hydropower Plant (Dam) (>100MW),Kenya,2025,fixed,0,0,0,0,0,1.0,0,0,0,0,0,0,0,0
Large Hydropower Plant (Dam) (>100MW),Kenya,2030,fixed,0,0,0,0,0,1.0,0,0,0,0,0,0,0,0
Large Hydropower Plant (Dam) (>100MW),Kenya,2040,fixed,0,0,0,0,0,1.0,0,0,0,0,0,0,0,0
Large Hydropower Plant (Dam) (>100MW),Kenya,2050,fixed,0,0,0,0,0,1.0,0,0,0,0,0,0,0,0
Light Fuel Oil Power Plant,Kenya,2015,fixed,0,0,0,0,0,0,0,2.857142857142857,0,0,0,0,0,0
Light Fuel Oil Power Plant,Kenya,2020,fixed,0,0,0,0,0,0,0,2.857142857142857,0,0,0,0,0,0
Light Fuel Oil Power Plant,Kenya,2025,fixed,0,0,0,0,0,0,0,2.857142857142857,0,0,0,0,0,0
Light Fuel Oil Power Plant,Kenya,2030,fixed,0,0,0,0,0,0,0,2.857142857142857,0,0,0,0,0,0
Light Fuel Oil Power Plant,Kenya,2040,fixed,0,0,0,0,0,0,0,2.857142857142857,0,0,0,0,0,0
Light Fuel Oil Power Plant,Kenya,2050,fixed,0,0,0,0,0,0,0,2.857142857142857,0,0,0,0,0,0
Light Fuel Oil Standalone Generator (1kW),Kenya,2015,fixed,0,0,0,0,0,0,0,6.25,0,0,0,0,0,0
Light Fuel Oil Standalone Generator (1kW),Kenya,2020,fixed,0,0,0,0,0,0,0,6.25,0,0,0,0,0,0
Light Fuel Oil Standalone Generator (1kW),Kenya,2025,fixed,0,0,0,0,0,0,0,6.25,0,0,0,0,0,0
Light Fuel Oil Standalone Generator (1kW),Kenya,2030,fixed,0,0,0,0,0,0,0,6.25,0,0,0,0,0,0
Light Fuel Oil Standalone Generator (1kW),Kenya,2040,fixed,0,0,0,0,0,0,0,6.25,0,0,0,0,0,0
Light Fuel Oil Standalone Generator (1kW),Kenya,2050,fixed,0,0,0,0,0,0,0,6.25,0,0,0,0,0,0
Medium Hydropower Plant (10-100MW),Kenya,2015,fixed,0,0,0,0,0,1.0,0,0,0,0,0,0,0,0
Medium Hydropower Plant (10-100MW),Kenya,2020,fixed,0,0,0,0,0,1.0,0,0,0,0,0,0,0,0
Medium Hydropower Plant (10-100MW),Kenya,2025,fixed,0,0,0,0,0,1.0,0,0,0,0,0,0,0,0
Medium Hydropower Plant (10-100MW),Kenya,2030,fixed,0,0,0,0,0,1.0,0,0,0,0,0,0,0,0
Medium Hydropower Plant (10-100MW),Kenya,2040,fixed,0,0,0,0,0,1.0,0,0,0,0,0,0,0,0
Medium Hydropower Plant (10-100MW),Kenya,2050,fixed,0,0,0,0,0,1.0,0,0,0,0,0,0,0,0
Nuclear Power Plant,Kenya,2015,fixed,0,0,0,0,0,0,0,0,0,0,3.0303030303030303,0,0,0
Nuclear Power Plant,Kenya,2020,fixed,0,0,0,0,0,0,0,0,0,0,3.0303030303030303,0,0,0
Nuclear Power Plant,Kenya,2025,fixed,0,0,0,0,0,0,0,0,0,0,3.0303030303030303,0,0,0
Nuclear Power Plant,Kenya,2030,fixed,0,0,0,0,0,0,0,0,0,0,3.0303030303030303,0,0,0
Nuclear Power Plant,Kenya,2040,fixed,0,0,0,0,0,0,0,0,0,0,3.0303030303030303,0,0,0
Nuclear Power Plant,Kenya,2050,fixed,0,0,0,0,0,0,0,0,0,0,3.0303030303030303,0,0,0
Offshore Wind,Kenya,2015,fixed,0,0,0,0,0,0,0,0,0,0,0,1.0,0,0
Offshore Wind,Kenya,2020,fixed,0,0,0,0,0,0,0,0,0,0,0,1.0,0,0
Offshore Wind,Kenya,2025,fixed,0,0,0,0,0,0,0,0,0,0,0,1.0,0,0
Offshore Wind,Kenya,2030,fixed,0,0,0,0,0,0,0,0,0,0,0,1.0,0,0
Offshore Wind,Kenya,2040,fixed,0,0,0,0,0,0,0,0,0,0,0,1.0,0,0
Offshore Wind,Kenya,2050,fixed,0,0,0,0,0,0,0,0,0,0,0,1.0,0,0
Oil Fired Gas Turbine (SCGT),Kenya,2015,fixed,0,0,0,0,0,0,2.857142857142857,0,0,0,0,0,0,0
Oil Fired Gas Turbine (SCGT),Kenya,2020,fixed,0,0,0,0,0,0,2.857142857142857,0,0,0,0,0,0,0
Oil Fired Gas Turbine (SCGT),Kenya,2025,fixed,0,0,0,0,0,0,2.857142857142857,0,0,0,0,0,0,0
Oil Fired Gas Turbine (SCGT),Kenya,2030,fixed,0,0,0,0,0,0,2.857142857142857,0,0,0,0,0,0,0
Oil Fired Gas Turbine (SCGT),Kenya,2040,fixed,0,0,0,0,0,0,2.857142857142857,0,0,0,0,0,0,0
Oil Fired Gas Turbine (SCGT),Kenya,2050,fixed,0,0,0,0,0,0,2.857142857142857,0,0,0,0,0,0,0
Onshore Wind,Kenya,2015,fixed,0,0,0,0,0,0,0,0,0,0,0,1.0,0,0
Onshore Wind,Kenya,2020,fixed,0,0,0,0,0,0,0,0,0,0,0,1.0,0,0
Onshore Wind,Kenya,2025,fixed,0,0,0,0,0,0,0,0,0,0,0,1.0,0,0
Onshore Wind,Kenya,2030,fixed,0,0,0,0,0,0,0,0,0,0,0,1.0,0,0
Onshore Wind,Kenya,2040,fixed,0,0,0,0,0,0,0,0,0,0,0,1.0,0,0
Onshore Wind,Kenya,2050,fixed,0,0,0,0,0,0,0,0,0,0,0,1.0,0,0
Small Hydropower Plant (<10MW),Kenya,2015,fixed,0,0,0,0,0,1.0,0,0,0,0,0,0,0,0
Small Hydropower Plant (<10MW),Kenya,2020,fixed,0,0,0,0,0,1.0,0,0,0,0,0,0,0,0
Small Hydropower Plant (<10MW),Kenya,2025,fixed,0,0,0,0,0,1.0,0,0,0,0,0,0,0,0
Small Hydropower Plant (<10MW),Kenya,2030,fixed,0,0,0,0,0,1.0,0,0,0,0,0,0,0,0
Small Hydropower Plant (<10MW),Kenya,2040,fixed,0,0,0,0,0,1.0,0,0,0,0,0,0,0,0
Small Hydropower Plant (<10MW),Kenya,2050,fixed,0,0,0,0,0,1.0,0,0,0,0,0,0,0,0
Solar PV (Distributed with Storage),Kenya,2015,fixed,0,0,0,0,0,0,0,0,0,1.0,0,0,0,0
Solar PV (Distributed with Storage),Kenya,2020,fixed,0,0,0,0,0,0,0,0,0,1.0,0,0,0,0
Solar PV (Distributed with Storage),Kenya,2025,fixed,0,0,0,0,0,0,0,0,0,1.0,0,0,0,0
Solar PV (Distributed with Storage),Kenya,2030,fixed,0,0,0,0,0,0,0,0,0,1.0,0,0,0,0
Solar PV (Distributed with Storage),Kenya,2040,fixed,0,0,0,0,0,0,0,0,0,1.0,0,0,0,0
Solar PV (Distributed with Storage),Kenya,2050,fixed,0,0,0,0,0,0,0,0,0,1.0,0,0,0,0
Solar PV (Utility),Kenya,2015,fixed,0,0,0,0,0,0,0,0,0,1.0,0,0,0,0
Solar PV (Utility),Kenya,2020,fixed,0,0,0,0,0,0,0,0,0,1.0,0,0,0,0
Solar PV (Utility),Kenya,2025,fixed,0,0,0,0,0,0,0,0,0,1.0,0,0,0,0
Solar PV (Utility),Kenya,2030,fixed,0,0,0,0,0,0,0,0,0,1.0,0,0,0,0
Solar PV (Utility),Kenya,2040,fixed,0,0,0,0,0,0,0,0,0,1.0,0,0,0,0
Solar PV (Utility),Kenya,2050,fixed,0,0,0,0,0,0,0,0,0,1.0,0,0,0,0
