,commodity,region,technology,year,supply
0,electricity,Kenya,Biomass Power Plant,2030,10.90340000000
1,electricity,Kenya,Biomass Power Plant,2035,10.68530000000
2,electricity,Kenya,Geothermal Power Plant,2030,649.58950000000
3,electricity,Kenya,Geothermal Power Plant,2035,647.98550000000
4,electricity,Kenya,Geothermal Power Plant,2030,860.61180000000
5,electricity,Kenya,Geothermal Power Plant,2035,860.61180000000
6,electricity,Kenya,Geothermal Power Plant,2035,846.05680000000
7,electricity,Kenya,Large Hydropower Plant (Dam) (>100MW),2030,58.03510000000
8,electricity,Kenya,Large Hydropower Plant (Dam) (>100MW),2035,56.87440000000
9,electricity,Kenya,Light Fuel Oil Power Plant,2030,55.72840000000
10,electricity,Kenya,Light Fuel Oil Power Plant,2035,54.61380000000
11,electricity,Kenya,Medium Hydropower Plant (10-100MW),2030,28.93610000000
12,electricity,Kenya,Medium Hydropower Plant (10-100MW),2035,28.35740000000
13,electricity,Kenya,Medium Hydropower Plant (10-100MW),2035,145.25930000000
14,electricity,Kenya,Oil Fired Gas Turbine (SCGT),2030,86.64550000000
15,electricity,Kenya,Oil Fired Gas Turbine (SCGT),2035,84.91260000000
16,electricity,Kenya,Oil Fired Gas Turbine (SCGT),2035,116.88100000000
17,electricity,Kenya,Onshore Wind,2030,15.50960000000
18,electricity,Kenya,Onshore Wind,2035,15.19940000000
19,electricity,Kenya,Solar PV (Distributed with Storage),2030,1.69140000000
20,electricity,Kenya,Solar PV (Distributed with Storage),2035,1.65760000000
21,electricity,Kenya,Solar PV (Utility),2030,0.91950000000
22,electricity,Kenya,Solar PV (Utility),2035,0.90120000000
23,electricity,Kenya,Solar PV (Utility),2035,4.61610000000
