,commodity,region,technology,year,supply
0,electricity,Kenya,Biomass Power Plant,2050,10.05690000000
1,electricity,Kenya,Geothermal Power Plant,2050,73.97660000000
2,electricity,Kenya,Large Hydropower Plant (Dam) (>100MW),2050,53.52970000000
3,electricity,Kenya,Light Fuel Oil Power Plant,2050,51.40210000000
4,electricity,Kenya,Medium Hydropower Plant (10-100MW),2050,26.68980000000
5,electricity,Kenya,Oil Fired Gas Turbine (SCGT),2050,79.91910000000
6,electricity,Kenya,Onshore Wind,2050,14.30550000000
7,electricity,Kenya,Solar PV (Distributed with Storage),2050,1.56010000000
8,electricity,Kenya,Solar PV (Utility),2050,0.84820000000
9,electricity,Kenya,Geothermal Power Plant,2050,916.47850000000
10,electricity,Kenya,Geothermal Power Plant,2050,723.73650000000
11,electricity,Kenya,Geothermal Power Plant,2055,723.73650000000
12,electricity,Kenya,Medium Hydropower Plant (10-100MW),2050,145.25930000000
13,electricity,Kenya,Medium Hydropower Plant (10-100MW),2055,145.25930000000
14,electricity,Kenya,Oil Fired Gas Turbine (SCGT),2050,284.81020000000
15,electricity,Kenya,Oil Fired Gas Turbine (SCGT),2055,284.81020000000
16,electricity,Kenya,Solar PV (Utility),2050,4.61610000000
17,electricity,Kenya,Solar PV (Utility),2055,4.61610000000
18,electricity,Kenya,Coal Power Plant,2050,0.00030000000
19,electricity,Kenya,Coal Power Plant,2055,0.00030000000
20,electricity,Kenya,Gas Power Plant (CCGT),2050,0.00020000000
21,electricity,Kenya,Gas Power Plant (CCGT),2055,0.00020000000
22,electricity,Kenya,Gas Power Plant (SCGT),2050,0.00020000000
23,electricity,Kenya,Gas Power Plant (SCGT),2055,0.00020000000
24,electricity,Kenya,Geothermal Power Plant,2050,360.33330000000
25,electricity,Kenya,Geothermal Power Plant,2055,360.33330000000
26,electricity,Kenya,Medium Hydropower Plant (10-100MW),2050,553.53980000000
27,electricity,Kenya,Medium Hydropower Plant (10-100MW),2055,553.53980000000
28,electricity,Kenya,Nuclear Power Plant,2050,0.00010000000
29,electricity,Kenya,Nuclear Power Plant,2055,0.00010000000
30,electricity,Kenya,Offshore Wind,2050,0.00010000000
31,electricity,Kenya,Offshore Wind,2055,0.00010000000
32,electricity,Kenya,Oil Fired Gas Turbine (SCGT),2050,409.38790000000
33,electricity,Kenya,Oil Fired Gas Turbine (SCGT),2055,409.38790000000
34,electricity,Kenya,Solar PV (Utility),2050,27.60430000000
35,electricity,Kenya,Solar PV (Utility),2055,27.60430000000
36,electricity,Kenya,CSP without Storage,2050,0.00020000000
37,electricity,Kenya,CSP without Storage,2055,0.00020000000
38,electricity,Kenya,Coal Power Plant,2050,0.00170000000
39,electricity,Kenya,Coal Power Plant,2055,0.00170000000
40,electricity,Kenya,Gas Power Plant (CCGT),2050,0.00100000000
41,electricity,Kenya,Gas Power Plant (CCGT),2055,0.00100000000
42,electricity,Kenya,Gas Power Plant (SCGT),2050,0.00140000000
43,electricity,Kenya,Gas Power Plant (SCGT),2055,0.00140000000
44,electricity,Kenya,Geothermal Power Plant,2050,360.33330000000
45,electricity,Kenya,Geothermal Power Plant,2055,360.33330000000
46,electricity,Kenya,Large Hydropower Plant (Dam) (>100MW),2050,279.79930000000
47,electricity,Kenya,Large Hydropower Plant (Dam) (>100MW),2055,279.79930000000
48,electricity,Kenya,Medium Hydropower Plant (10-100MW),2050,0.55580000000
49,electricity,Kenya,Medium Hydropower Plant (10-100MW),2055,0.55580000000
50,electricity,Kenya,Nuclear Power Plant,2050,0.00080000000
51,electricity,Kenya,Nuclear Power Plant,2055,0.00080000000
52,electricity,Kenya,Offshore Wind,2050,0.00040000000
53,electricity,Kenya,Offshore Wind,2055,0.00040000000
54,electricity,Kenya,Oil Fired Gas Turbine (SCGT),2050,593.38460000000
55,electricity,Kenya,Oil Fired Gas Turbine (SCGT),2055,593.38460000000
56,electricity,Kenya,Small Hydropower Plant (<10MW),2050,0.00020000000
57,electricity,Kenya,Small Hydropower Plant (<10MW),2055,0.00020000000
58,electricity,Kenya,Solar PV (Utility),2050,165.53520000000
59,electricity,Kenya,Solar PV (Utility),2055,165.53520000000
60,electricity,Kenya,CSP without Storage,2050,0.00130000000
61,electricity,Kenya,CSP without Storage,2055,0.00130000000
62,electricity,Kenya,Coal Power Plant,2050,0.01030000000
63,electricity,Kenya,Coal Power Plant,2055,0.01030000000
64,electricity,Kenya,Gas Power Plant (CCGT),2050,0.00590000000
65,electricity,Kenya,Gas Power Plant (CCGT),2055,0.00590000000
66,electricity,Kenya,Gas Power Plant (SCGT),2050,0.00820000000
67,electricity,Kenya,Gas Power Plant (SCGT),2055,0.00820000000
68,electricity,Kenya,Geothermal Power Plant,2050,360.33330000000
69,electricity,Kenya,Geothermal Power Plant,2055,360.33330000000
70,electricity,Kenya,Large Hydropower Plant (Dam) (>100MW),2050,1071.02770000000
71,electricity,Kenya,Large Hydropower Plant (Dam) (>100MW),2055,1071.02770000000
72,electricity,Kenya,Medium Hydropower Plant (10-100MW),2050,0.54470000000
73,electricity,Kenya,Medium Hydropower Plant (10-100MW),2055,0.54470000000
74,electricity,Kenya,Nuclear Power Plant,2050,0.00470000000
75,electricity,Kenya,Nuclear Power Plant,2055,0.00470000000
76,electricity,Kenya,Offshore Wind,2050,0.00250000000
77,electricity,Kenya,Offshore Wind,2055,0.00250000000
78,electricity,Kenya,Small Hydropower Plant (<10MW),2050,0.00110000000
79,electricity,Kenya,Small Hydropower Plant (<10MW),2055,0.00110000000
80,electricity,Kenya,Solar PV (Utility),2050,188.67880000000
81,electricity,Kenya,Solar PV (Utility),2055,188.67880000000
82,electricity,Kenya,CSP without Storage,2055,0.00800000000
83,electricity,Kenya,Coal Power Plant,2055,0.06160000000
84,electricity,Kenya,Gas Power Plant (CCGT),2055,0.03510000000
85,electricity,Kenya,Gas Power Plant (SCGT),2055,0.04950000000
86,electricity,Kenya,Geothermal Power Plant,2055,188.33870000000
87,electricity,Kenya,Large Hydropower Plant (Dam) (>100MW),2055,1117.88530000000
88,electricity,Kenya,Medium Hydropower Plant (10-100MW),2055,26.68980000000
89,electricity,Kenya,Nuclear Power Plant,2055,0.02850000000
90,electricity,Kenya,Offshore Wind,2055,0.01500000000
91,electricity,Kenya,Small Hydropower Plant (<10MW),2055,0.00660000000
92,electricity,Kenya,Solar PV (Utility),2055,201.77530000000
