,commodity,region,technology,year,supply
0,electricity,Kenya,Biomass Power Plant,2035,3.89410000000
1,electricity,Kenya,Biomass Power Plant,2040,2.72580000000
2,electricity,Kenya,Geothermal Power Plant,2035,437.27440000000
3,electricity,Kenya,Geothermal Power Plant,2040,428.68120000000
4,electricity,Kenya,Large Hydropower Plant (Dam) (>100MW),2035,20.69760000000
5,electricity,Kenya,Large Hydropower Plant (Dam) (>100MW),2040,14.48830000000
6,electricity,Kenya,Light Fuel Oil Power Plant,2035,19.90300000000
7,electricity,Kenya,Light Fuel Oil Power Plant,2040,13.93210000000
8,electricity,Kenya,Medium Hydropower Plant (10-100MW),2035,10.31980000000
9,electricity,Kenya,Medium Hydropower Plant (10-100MW),2040,7.22380000000
10,electricity,Kenya,Oil Fired Gas Turbine (SCGT),2035,30.94480000000
11,electricity,Kenya,Oil Fired Gas Turbine (SCGT),2040,21.66140000000
12,electricity,Kenya,Onshore Wind,2035,5.28920000000
13,electricity,Kenya,Onshore Wind,2040,3.70250000000
14,electricity,Kenya,Solar PV (Distributed with Storage),2035,0.60410000000
15,electricity,Kenya,Solar PV (Distributed with Storage),2040,0.42290000000
16,electricity,Kenya,Solar PV (Utility),2035,0.32840000000
17,electricity,Kenya,Solar PV (Utility),2040,0.22990000000
18,electricity,Kenya,Geothermal Power Plant,2035,252.32590000000
19,electricity,Kenya,Geothermal Power Plant,2040,252.32590000000
20,electricity,Kenya,Biomass Power Plant,2035,111.01910000000
21,electricity,Kenya,Biomass Power Plant,2040,111.01910000000
22,electricity,Kenya,Geothermal Power Plant,2035,361.01200000000
23,electricity,Kenya,Geothermal Power Plant,2040,361.01200000000
24,electricity,Kenya,Biomass Power Plant,2040,45.62640000000
25,electricity,Kenya,Geothermal Power Plant,2040,345.22450000000
