,commodity,region,technology,year,supply
0,electricity,Kenya,Biomass Power Plant,2050,1.33570000000
1,electricity,Kenya,Geothermal Power Plant,2050,9.82490000000
2,electricity,Kenya,Large Hydropower Plant (Dam) (>100MW),2050,7.09930000000
3,electricity,Kenya,Light Fuel Oil Power Plant,2050,6.82670000000
4,electricity,Kenya,Medium Hydropower Plant (10-100MW),2050,3.53970000000
5,electricity,Kenya,Oil Fired Gas Turbine (SCGT),2050,10.61410000000
6,electricity,Kenya,Onshore Wind,2050,1.81420000000
7,electricity,Kenya,Solar PV (Distributed with Storage),2050,0.20720000000
8,electricity,Kenya,Solar PV (Utility),2050,0.11260000000
9,electricity,Kenya,Geothermal Power Plant,2050,252.32590000000
10,electricity,Kenya,Biomass Power Plant,2050,111.01910000000
11,electricity,Kenya,Biomass Power Plant,2055,111.01910000000
12,electricity,Kenya,Geothermal Power Plant,2050,361.01200000000
13,electricity,Kenya,Geothermal Power Plant,2055,361.01200000000
14,electricity,Kenya,Biomass Power Plant,2050,45.62640000000
15,electricity,Kenya,Biomass Power Plant,2055,45.62640000000
16,electricity,Kenya,Geothermal Power Plant,2050,345.22450000000
17,electricity,Kenya,Geothermal Power Plant,2055,345.22450000000
18,electricity,Kenya,Biomass Power Plant,2050,66.30330000000
19,electricity,Kenya,Biomass Power Plant,2055,66.30330000000
20,electricity,Kenya,Coal Power Plant,2050,242.69500000000
21,electricity,Kenya,Coal Power Plant,2055,242.69500000000
22,electricity,Kenya,Geothermal Power Plant,2050,353.56120000000
23,electricity,Kenya,Geothermal Power Plant,2055,353.56120000000
24,electricity,Kenya,Biomass Power Plant,2050,153.70610000000
25,electricity,Kenya,Biomass Power Plant,2055,153.70610000000
26,electricity,Kenya,Coal Power Plant,2050,237.90070000000
27,electricity,Kenya,Coal Power Plant,2055,237.90070000000
28,electricity,Kenya,Geothermal Power Plant,2050,537.69940000000
29,electricity,Kenya,Geothermal Power Plant,2055,537.69940000000
30,electricity,Kenya,Geothermal Power Plant,2055,287.24420000000
