asset,year,region,technology,installed,capacity
0,2045,Kenya,Biomass Power Plant,2020,0.47700000000
0,2049,Kenya,Biomass Power Plant,2020,0.36250000000
0,2050,Kenya,Biomass Power Plant,2020,0.33390000000
1,2045,Kenya,Biomass Power Plant,2030,27.75480000000
1,2049,Kenya,Biomass Power Plant,2030,27.75480000000
1,2050,Kenya,Biomass Power Plant,2030,27.75480000000
1,2054,Kenya,Biomass Power Plant,2030,27.75480000000
1,2055,Kenya,Biomass Power Plant,2030,27.75480000000
1,2059,Kenya,Biomass Power Plant,2030,27.75480000000
1,2060,Kenya,Biomass Power Plant,2030,27.75480000000
1,2064,Kenya,Biomass Power Plant,2030,27.75480000000
2,2045,Kenya,Biomass Power Plant,2035,11.40660000000
2,2049,Kenya,Biomass Power Plant,2035,11.40660000000
2,2050,Kenya,Biomass Power Plant,2035,11.40660000000
2,2054,Kenya,Biomass Power Plant,2035,11.40660000000
2,2055,Kenya,Biomass Power Plant,2035,11.40660000000
2,2059,Kenya,Biomass Power Plant,2035,11.40660000000
2,2060,Kenya,Biomass Power Plant,2035,11.40660000000
2,2064,Kenya,Biomass Power Plant,2035,11.40660000000
2,2065,Kenya,Biomass Power Plant,2035,11.40660000000
2,2069,Kenya,Biomass Power Plant,2035,11.40660000000
3,2045,Kenya,Biomass Power Plant,2040,16.57580000000
3,2049,Kenya,Biomass Power Plant,2040,16.57580000000
3,2050,Kenya,Biomass Power Plant,2040,16.57580000000
3,2054,Kenya,Biomass Power Plant,2040,16.57580000000
3,2055,Kenya,Biomass Power Plant,2040,16.57580000000
3,2059,Kenya,Biomass Power Plant,2040,16.57580000000
3,2060,Kenya,Biomass Power Plant,2040,16.57580000000
3,2064,Kenya,Biomass Power Plant,2040,16.57580000000
3,2065,Kenya,Biomass Power Plant,2040,16.57580000000
3,2069,Kenya,Biomass Power Plant,2040,16.57580000000
3,2070,Kenya,Biomass Power Plant,2040,16.57580000000
3,2074,Kenya,Biomass Power Plant,2040,16.57580000000
4,2050,Kenya,Biomass Power Plant,2045,38.42650000000
4,2054,Kenya,Biomass Power Plant,2045,38.42650000000
4,2055,Kenya,Biomass Power Plant,2045,38.42650000000
4,2059,Kenya,Biomass Power Plant,2045,38.42650000000
4,2060,Kenya,Biomass Power Plant,2045,38.42650000000
4,2064,Kenya,Biomass Power Plant,2045,38.42650000000
4,2065,Kenya,Biomass Power Plant,2045,38.42650000000
4,2069,Kenya,Biomass Power Plant,2045,38.42650000000
4,2070,Kenya,Biomass Power Plant,2045,38.42650000000
4,2074,Kenya,Biomass Power Plant,2045,38.42650000000
4,2075,Kenya,Biomass Power Plant,2045,38.42650000000
4,2079,Kenya,Biomass Power Plant,2045,38.42650000000
5,2045,Kenya,Coal Power Plant,2040,35.69040000000
5,2049,Kenya,Coal Power Plant,2040,35.69040000000
5,2050,Kenya,Coal Power Plant,2040,35.69040000000
5,2054,Kenya,Coal Power Plant,2040,35.69040000000
5,2055,Kenya,Coal Power Plant,2040,35.69040000000
5,2059,Kenya,Coal Power Plant,2040,35.69040000000
5,2060,Kenya,Coal Power Plant,2040,35.69040000000
5,2064,Kenya,Coal Power Plant,2040,35.69040000000
5,2065,Kenya,Coal Power Plant,2040,35.69040000000
5,2069,Kenya,Coal Power Plant,2040,35.69040000000
5,2070,Kenya,Coal Power Plant,2040,35.69040000000
5,2074,Kenya,Coal Power Plant,2040,35.69040000000
5,2075,Kenya,Coal Power Plant,2040,35.69040000000
5,2079,Kenya,Coal Power Plant,2040,35.69040000000
6,2050,Kenya,Coal Power Plant,2045,34.98540000000
6,2054,Kenya,Coal Power Plant,2045,34.98540000000
6,2055,Kenya,Coal Power Plant,2045,34.98540000000
6,2059,Kenya,Coal Power Plant,2045,34.98540000000
6,2060,Kenya,Coal Power Plant,2045,34.98540000000
6,2064,Kenya,Coal Power Plant,2045,34.98540000000
6,2065,Kenya,Coal Power Plant,2045,34.98540000000
6,2069,Kenya,Coal Power Plant,2045,34.98540000000
6,2070,Kenya,Coal Power Plant,2045,34.98540000000
6,2074,Kenya,Coal Power Plant,2045,34.98540000000
6,2075,Kenya,Coal Power Plant,2045,34.98540000000
6,2079,Kenya,Coal Power Plant,2045,34.98540000000
6,2080,Kenya,Coal Power Plant,2045,34.98540000000
6,2084,Kenya,Coal Power Plant,2045,34.98540000000
7,2045,Kenya,Geothermal Power Plant,2020,66.87750000000
7,2049,Kenya,Geothermal Power Plant,2020,66.34450000000
7,2050,Kenya,Geothermal Power Plant,2020,1.55460000000
8,2045,Kenya,Geothermal Power Plant,2025,39.92500000000
8,2049,Kenya,Geothermal Power Plant,2025,39.92500000000
8,2050,Kenya,Geothermal Power Plant,2025,39.92500000000
8,2054,Kenya,Geothermal Power Plant,2025,39.92500000000
9,2045,Kenya,Geothermal Power Plant,2030,57.12210000000
9,2049,Kenya,Geothermal Power Plant,2030,57.12210000000
9,2050,Kenya,Geothermal Power Plant,2030,57.12210000000
9,2054,Kenya,Geothermal Power Plant,2030,57.12210000000
9,2055,Kenya,Geothermal Power Plant,2030,57.12210000000
9,2059,Kenya,Geothermal Power Plant,2030,57.12210000000
10,2045,Kenya,Geothermal Power Plant,2035,54.62410000000
10,2049,Kenya,Geothermal Power Plant,2035,54.62410000000
10,2050,Kenya,Geothermal Power Plant,2035,54.62410000000
10,2054,Kenya,Geothermal Power Plant,2035,54.62410000000
10,2055,Kenya,Geothermal Power Plant,2035,54.62410000000
10,2059,Kenya,Geothermal Power Plant,2035,54.62410000000
10,2060,Kenya,Geothermal Power Plant,2035,54.62410000000
10,2064,Kenya,Geothermal Power Plant,2035,54.62410000000
11,2045,Kenya,Geothermal Power Plant,2040,55.94320000000
11,2049,Kenya,Geothermal Power Plant,2040,55.94320000000
11,2050,Kenya,Geothermal Power Plant,2040,55.94320000000
11,2054,Kenya,Geothermal Power Plant,2040,55.94320000000
11,2055,Kenya,Geothermal Power Plant,2040,55.94320000000
11,2059,Kenya,Geothermal Power Plant,2040,55.94320000000
11,2060,Kenya,Geothermal Power Plant,2040,55.94320000000
11,2064,Kenya,Geothermal Power Plant,2040,55.94320000000
11,2065,Kenya,Geothermal Power Plant,2040,55.94320000000
11,2069,Kenya,Geothermal Power Plant,2040,55.94320000000
12,2050,Kenya,Geothermal Power Plant,2045,85.07900000000
12,2054,Kenya,Geothermal Power Plant,2045,85.07900000000
12,2055,Kenya,Geothermal Power Plant,2045,85.07900000000
12,2059,Kenya,Geothermal Power Plant,2045,85.07900000000
12,2060,Kenya,Geothermal Power Plant,2045,85.07900000000
12,2064,Kenya,Geothermal Power Plant,2045,85.07900000000
12,2065,Kenya,Geothermal Power Plant,2045,85.07900000000
12,2069,Kenya,Geothermal Power Plant,2045,85.07900000000
12,2070,Kenya,Geothermal Power Plant,2045,85.07900000000
12,2074,Kenya,Geothermal Power Plant,2045,85.07900000000
13,2045,Kenya,Large Hydropower Plant (Dam) (>100MW),2020,2.64480000000
13,2049,Kenya,Large Hydropower Plant (Dam) (>100MW),2020,2.01010000000
13,2050,Kenya,Large Hydropower Plant (Dam) (>100MW),2020,1.85140000000
14,2045,Kenya,Light Fuel Oil Power Plant,2020,1.52380000000
14,2049,Kenya,Light Fuel Oil Power Plant,2020,1.15810000000
14,2050,Kenya,Light Fuel Oil Power Plant,2020,1.06670000000
15,2045,Kenya,Medium Hydropower Plant (10-100MW),2020,1.31870000000
15,2049,Kenya,Medium Hydropower Plant (10-100MW),2020,1.00220000000
15,2050,Kenya,Medium Hydropower Plant (10-100MW),2020,0.92310000000
16,2045,Kenya,Oil Fired Gas Turbine (SCGT),2020,2.36920000000
16,2049,Kenya,Oil Fired Gas Turbine (SCGT),2020,1.80060000000
16,2050,Kenya,Oil Fired Gas Turbine (SCGT),2020,1.65840000000
17,2045,Kenya,Onshore Wind,2020,1.64310000000
17,2049,Kenya,Onshore Wind,2020,1.24870000000
17,2050,Kenya,Onshore Wind,2020,1.15020000000
18,2045,Kenya,Solar PV (Distributed with Storage),2020,0.20060000000
18,2049,Kenya,Solar PV (Distributed with Storage),2020,0.15240000000
18,2050,Kenya,Solar PV (Distributed with Storage),2020,0.14040000000
19,2045,Kenya,Solar PV (Utility),2020,0.12720000000
19,2049,Kenya,Solar PV (Utility),2020,0.09670000000
19,2050,Kenya,Solar PV (Utility),2020,0.08900000000
