asset,year,region,installed,technology,capacity
0,2050,Kenya,2020,Biomass Power Plant,0.33390000000
1,2050,Kenya,2020,Geothermal Power Plant,1.55460000000
2,2050,Kenya,2020,Large Hydropower Plant (Dam) (>100MW),1.85140000000
3,2050,Kenya,2020,Light Fuel Oil Power Plant,1.06670000000
4,2050,Kenya,2020,Medium Hydropower Plant (10-100MW),0.92310000000
5,2050,Kenya,2020,Oil Fired Gas Turbine (SCGT),1.65840000000
6,2050,Kenya,2020,Onshore Wind,1.15020000000
7,2050,Kenya,2020,Solar PV (Distributed with Storage),0.14040000000
8,2050,Kenya,2020,Solar PV (Utility),0.08900000000
9,2050,Kenya,2025,Geothermal Power Plant,39.92500000000
9,2054,Kenya,2025,Geothermal Power Plant,39.92500000000
10,2050,Kenya,2030,Biomass Power Plant,27.75480000000
10,2054,Kenya,2030,Biomass Power Plant,27.75480000000
10,2055,Kenya,2030,Biomass Power Plant,27.75480000000
10,2059,Kenya,2030,Biomass Power Plant,27.75480000000
10,2060,Kenya,2030,Biomass Power Plant,27.75480000000
10,2064,Kenya,2030,Biomass Power Plant,27.75480000000
11,2050,Kenya,2030,Geothermal Power Plant,57.12210000000
11,2054,Kenya,2030,Geothermal Power Plant,57.12210000000
11,2055,Kenya,2030,Geothermal Power Plant,57.12210000000
11,2059,Kenya,2030,Geothermal Power Plant,57.12210000000
12,2050,Kenya,2035,Biomass Power Plant,11.40660000000
12,2054,Kenya,2035,Biomass Power Plant,11.40660000000
12,2055,Kenya,2035,Biomass Power Plant,11.40660000000
12,2059,Kenya,2035,Biomass Power Plant,11.40660000000
12,2060,Kenya,2035,Biomass Power Plant,11.40660000000
12,2064,Kenya,2035,Biomass Power Plant,11.40660000000
12,2065,Kenya,2035,Biomass Power Plant,11.40660000000
12,2069,Kenya,2035,Biomass Power Plant,11.40660000000
13,2050,Kenya,2035,Geothermal Power Plant,54.62410000000
13,2054,Kenya,2035,Geothermal Power Plant,54.62410000000
13,2055,Kenya,2035,Geothermal Power Plant,54.62410000000
13,2059,Kenya,2035,Geothermal Power Plant,54.62410000000
13,2060,Kenya,2035,Geothermal Power Plant,54.62410000000
13,2064,Kenya,2035,Geothermal Power Plant,54.62410000000
14,2050,Kenya,2040,Biomass Power Plant,16.57580000000
14,2054,Kenya,2040,Biomass Power Plant,16.57580000000
14,2055,Kenya,2040,Biomass Power Plant,16.57580000000
14,2059,Kenya,2040,Biomass Power Plant,16.57580000000
14,2060,Kenya,2040,Biomass Power Plant,16.57580000000
14,2064,Kenya,2040,Biomass Power Plant,16.57580000000
14,2065,Kenya,2040,Biomass Power Plant,16.57580000000
14,2069,Kenya,2040,Biomass Power Plant,16.57580000000
14,2070,Kenya,2040,Biomass Power Plant,16.57580000000
14,2074,Kenya,2040,Biomass Power Plant,16.57580000000
15,2050,Kenya,2040,Coal Power Plant,35.69040000000
15,2054,Kenya,2040,Coal Power Plant,35.69040000000
15,2055,Kenya,2040,Coal Power Plant,35.69040000000
15,2059,Kenya,2040,Coal Power Plant,35.69040000000
15,2060,Kenya,2040,Coal Power Plant,35.69040000000
15,2064,Kenya,2040,Coal Power Plant,35.69040000000
15,2065,Kenya,2040,Coal Power Plant,35.69040000000
15,2069,Kenya,2040,Coal Power Plant,35.69040000000
15,2070,Kenya,2040,Coal Power Plant,35.69040000000
15,2074,Kenya,2040,Coal Power Plant,35.69040000000
15,2075,Kenya,2040,Coal Power Plant,35.69040000000
15,2079,Kenya,2040,Coal Power Plant,35.69040000000
16,2050,Kenya,2040,Geothermal Power Plant,55.94320000000
16,2054,Kenya,2040,Geothermal Power Plant,55.94320000000
16,2055,Kenya,2040,Geothermal Power Plant,55.94320000000
16,2059,Kenya,2040,Geothermal Power Plant,55.94320000000
16,2060,Kenya,2040,Geothermal Power Plant,55.94320000000
16,2064,Kenya,2040,Geothermal Power Plant,55.94320000000
16,2065,Kenya,2040,Geothermal Power Plant,55.94320000000
16,2069,Kenya,2040,Geothermal Power Plant,55.94320000000
17,2050,Kenya,2045,Biomass Power Plant,38.42650000000
17,2054,Kenya,2045,Biomass Power Plant,38.42650000000
17,2055,Kenya,2045,Biomass Power Plant,38.42650000000
17,2059,Kenya,2045,Biomass Power Plant,38.42650000000
17,2060,Kenya,2045,Biomass Power Plant,38.42650000000
17,2064,Kenya,2045,Biomass Power Plant,38.42650000000
17,2065,Kenya,2045,Biomass Power Plant,38.42650000000
17,2069,Kenya,2045,Biomass Power Plant,38.42650000000
17,2070,Kenya,2045,Biomass Power Plant,38.42650000000
17,2074,Kenya,2045,Biomass Power Plant,38.42650000000
17,2075,Kenya,2045,Biomass Power Plant,38.42650000000
17,2079,Kenya,2045,Biomass Power Plant,38.42650000000
18,2050,Kenya,2045,Coal Power Plant,34.98540000000
18,2054,Kenya,2045,Coal Power Plant,34.98540000000
18,2055,Kenya,2045,Coal Power Plant,34.98540000000
18,2059,Kenya,2045,Coal Power Plant,34.98540000000
18,2060,Kenya,2045,Coal Power Plant,34.98540000000
18,2064,Kenya,2045,Coal Power Plant,34.98540000000
18,2065,Kenya,2045,Coal Power Plant,34.98540000000
18,2069,Kenya,2045,Coal Power Plant,34.98540000000
18,2070,Kenya,2045,Coal Power Plant,34.98540000000
18,2074,Kenya,2045,Coal Power Plant,34.98540000000
18,2075,Kenya,2045,Coal Power Plant,34.98540000000
18,2079,Kenya,2045,Coal Power Plant,34.98540000000
18,2080,Kenya,2045,Coal Power Plant,34.98540000000
18,2084,Kenya,2045,Coal Power Plant,34.98540000000
19,2050,Kenya,2045,Geothermal Power Plant,85.07900000000
19,2054,Kenya,2045,Geothermal Power Plant,85.07900000000
19,2055,Kenya,2045,Geothermal Power Plant,85.07900000000
19,2059,Kenya,2045,Geothermal Power Plant,85.07900000000
19,2060,Kenya,2045,Geothermal Power Plant,85.07900000000
19,2064,Kenya,2045,Geothermal Power Plant,85.07900000000
19,2065,Kenya,2045,Geothermal Power Plant,85.07900000000
19,2069,Kenya,2045,Geothermal Power Plant,85.07900000000
19,2070,Kenya,2045,Geothermal Power Plant,85.07900000000
19,2074,Kenya,2045,Geothermal Power Plant,85.07900000000
20,2055,Kenya,2050,Geothermal Power Plant,45.45000000000
20,2059,Kenya,2050,Geothermal Power Plant,45.45000000000
20,2060,Kenya,2050,Geothermal Power Plant,45.45000000000
20,2064,Kenya,2050,Geothermal Power Plant,45.45000000000
20,2065,Kenya,2050,Geothermal Power Plant,45.45000000000
20,2069,Kenya,2050,Geothermal Power Plant,45.45000000000
20,2070,Kenya,2050,Geothermal Power Plant,45.45000000000
20,2074,Kenya,2050,Geothermal Power Plant,45.45000000000
20,2075,Kenya,2050,Geothermal Power Plant,45.45000000000
20,2079,Kenya,2050,Geothermal Power Plant,45.45000000000
