asset,year,region,installed,technology,capacity
0,2050,Kenya,2020,Biomass Power Plant,2.51420000000
0,2053,Kenya,2020,Biomass Power Plant,0.62860000000
6,2050,Kenya,2020,Geothermal Power Plant,11.70520000000
6,2053,Kenya,2020,Geothermal Power Plant,2.92630000000
7,2050,Kenya,2020,Large Hydropower Plant (Dam) (>100MW),13.94000000000
7,2053,Kenya,2020,Large Hydropower Plant (Dam) (>100MW),3.48500000000
8,2050,Kenya,2020,Light Fuel Oil Power Plant,8.03160000000
8,2053,Kenya,2020,Light Fuel Oil Power Plant,2.00790000000
9,2050,Kenya,2020,Medium Hydropower Plant (10-100MW),6.95050000000
9,2053,Kenya,2020,Medium Hydropower Plant (10-100MW),1.73760000000
12,2050,Kenya,2020,Oil Fired Gas Turbine (SCGT),12.48740000000
12,2053,Kenya,2020,Oil Fired Gas Turbine (SCGT),3.12180000000
13,2050,Kenya,2020,Onshore Wind,8.66010000000
13,2053,Kenya,2020,Onshore Wind,2.16500000000
15,2050,Kenya,2020,Solar PV (Distributed with Storage),1.05710000000
15,2053,Kenya,2020,Solar PV (Distributed with Storage),0.26430000000
16,2050,Kenya,2020,Solar PV (Utility),0.67050000000
16,2053,Kenya,2020,Solar PV (Utility),0.16760000000
23,2050,Kenya,2025,Geothermal Power Plant,145.01240000000
23,2053,Kenya,2025,Geothermal Power Plant,145.01240000000
23,2054,Kenya,2025,Geothermal Power Plant,145.01240000000
40,2050,Kenya,2030,Geothermal Power Plant,114.51530000000
40,2053,Kenya,2030,Geothermal Power Plant,114.51530000000
40,2054,Kenya,2030,Geothermal Power Plant,114.51530000000
40,2055,Kenya,2030,Geothermal Power Plant,114.51530000000
40,2058,Kenya,2030,Geothermal Power Plant,114.51530000000
40,2059,Kenya,2030,Geothermal Power Plant,114.51530000000
43,2050,Kenya,2030,Medium Hydropower Plant (10-100MW),37.82800000000
43,2053,Kenya,2030,Medium Hydropower Plant (10-100MW),37.82800000000
43,2054,Kenya,2030,Medium Hydropower Plant (10-100MW),37.82800000000
43,2055,Kenya,2030,Medium Hydropower Plant (10-100MW),37.82800000000
43,2058,Kenya,2030,Medium Hydropower Plant (10-100MW),37.82800000000
43,2059,Kenya,2030,Medium Hydropower Plant (10-100MW),37.82800000000
43,2060,Kenya,2030,Medium Hydropower Plant (10-100MW),37.82800000000
43,2063,Kenya,2030,Medium Hydropower Plant (10-100MW),37.82800000000
43,2064,Kenya,2030,Medium Hydropower Plant (10-100MW),37.82800000000
43,2065,Kenya,2030,Medium Hydropower Plant (10-100MW),37.82800000000
43,2068,Kenya,2030,Medium Hydropower Plant (10-100MW),37.82800000000
43,2069,Kenya,2030,Medium Hydropower Plant (10-100MW),37.82800000000
43,2070,Kenya,2030,Medium Hydropower Plant (10-100MW),37.82800000000
43,2073,Kenya,2030,Medium Hydropower Plant (10-100MW),37.82800000000
43,2074,Kenya,2030,Medium Hydropower Plant (10-100MW),37.82800000000
43,2075,Kenya,2030,Medium Hydropower Plant (10-100MW),37.82800000000
43,2078,Kenya,2030,Medium Hydropower Plant (10-100MW),37.82800000000
43,2079,Kenya,2030,Medium Hydropower Plant (10-100MW),37.82800000000
43,2080,Kenya,2030,Medium Hydropower Plant (10-100MW),37.82800000000
43,2084,Kenya,2030,Medium Hydropower Plant (10-100MW),37.82800000000
46,2050,Kenya,2030,Oil Fired Gas Turbine (SCGT),44.50160000000
46,2053,Kenya,2030,Oil Fired Gas Turbine (SCGT),44.50160000000
46,2054,Kenya,2030,Oil Fired Gas Turbine (SCGT),44.50160000000
46,2055,Kenya,2030,Oil Fired Gas Turbine (SCGT),44.50160000000
46,2058,Kenya,2030,Oil Fired Gas Turbine (SCGT),44.50160000000
46,2059,Kenya,2030,Oil Fired Gas Turbine (SCGT),44.50160000000
50,2050,Kenya,2030,Solar PV (Utility),3.64900000000
50,2053,Kenya,2030,Solar PV (Utility),3.64900000000
50,2054,Kenya,2030,Solar PV (Utility),3.64900000000
50,2055,Kenya,2030,Solar PV (Utility),3.64900000000
50,2058,Kenya,2030,Solar PV (Utility),3.64900000000
57,2050,Kenya,2035,Geothermal Power Plant,57.01480000000
57,2053,Kenya,2035,Geothermal Power Plant,57.01480000000
57,2054,Kenya,2035,Geothermal Power Plant,57.01480000000
57,2055,Kenya,2035,Geothermal Power Plant,57.01480000000
57,2058,Kenya,2035,Geothermal Power Plant,57.01480000000
57,2059,Kenya,2035,Geothermal Power Plant,57.01480000000
57,2060,Kenya,2035,Geothermal Power Plant,57.01480000000
57,2063,Kenya,2035,Geothermal Power Plant,57.01480000000
57,2064,Kenya,2035,Geothermal Power Plant,57.01480000000
61,2050,Kenya,2035,Medium Hydropower Plant (10-100MW),144.15100000000
61,2053,Kenya,2035,Medium Hydropower Plant (10-100MW),144.15100000000
61,2054,Kenya,2035,Medium Hydropower Plant (10-100MW),144.15100000000
61,2055,Kenya,2035,Medium Hydropower Plant (10-100MW),144.15100000000
61,2058,Kenya,2035,Medium Hydropower Plant (10-100MW),144.15100000000
61,2059,Kenya,2035,Medium Hydropower Plant (10-100MW),144.15100000000
61,2060,Kenya,2035,Medium Hydropower Plant (10-100MW),144.15100000000
61,2063,Kenya,2035,Medium Hydropower Plant (10-100MW),144.15100000000
61,2064,Kenya,2035,Medium Hydropower Plant (10-100MW),144.15100000000
61,2065,Kenya,2035,Medium Hydropower Plant (10-100MW),144.15100000000
61,2068,Kenya,2035,Medium Hydropower Plant (10-100MW),144.15100000000
61,2069,Kenya,2035,Medium Hydropower Plant (10-100MW),144.15100000000
61,2070,Kenya,2035,Medium Hydropower Plant (10-100MW),144.15100000000
61,2073,Kenya,2035,Medium Hydropower Plant (10-100MW),144.15100000000
61,2074,Kenya,2035,Medium Hydropower Plant (10-100MW),144.15100000000
61,2075,Kenya,2035,Medium Hydropower Plant (10-100MW),144.15100000000
61,2078,Kenya,2035,Medium Hydropower Plant (10-100MW),144.15100000000
61,2079,Kenya,2035,Medium Hydropower Plant (10-100MW),144.15100000000
61,2080,Kenya,2035,Medium Hydropower Plant (10-100MW),144.15100000000
61,2084,Kenya,2035,Medium Hydropower Plant (10-100MW),144.15100000000
61,2085,Kenya,2035,Medium Hydropower Plant (10-100MW),144.15100000000
61,2089,Kenya,2035,Medium Hydropower Plant (10-100MW),144.15100000000
64,2050,Kenya,2035,Oil Fired Gas Turbine (SCGT),63.96690000000
64,2053,Kenya,2035,Oil Fired Gas Turbine (SCGT),63.96690000000
64,2054,Kenya,2035,Oil Fired Gas Turbine (SCGT),63.96690000000
64,2055,Kenya,2035,Oil Fired Gas Turbine (SCGT),63.96690000000
64,2058,Kenya,2035,Oil Fired Gas Turbine (SCGT),63.96690000000
64,2059,Kenya,2035,Oil Fired Gas Turbine (SCGT),63.96690000000
64,2060,Kenya,2035,Oil Fired Gas Turbine (SCGT),63.96690000000
64,2063,Kenya,2035,Oil Fired Gas Turbine (SCGT),63.96690000000
64,2064,Kenya,2035,Oil Fired Gas Turbine (SCGT),63.96690000000
68,2050,Kenya,2035,Solar PV (Utility),21.82100000000
68,2053,Kenya,2035,Solar PV (Utility),21.82100000000
68,2054,Kenya,2035,Solar PV (Utility),21.82100000000
68,2055,Kenya,2035,Solar PV (Utility),21.82100000000
68,2058,Kenya,2035,Solar PV (Utility),21.82100000000
68,2059,Kenya,2035,Solar PV (Utility),21.82100000000
68,2060,Kenya,2035,Solar PV (Utility),21.82100000000
68,2063,Kenya,2035,Solar PV (Utility),21.82100000000
71,2050,Kenya,2040,CSP without Storage,0.00010000000
71,2053,Kenya,2040,CSP without Storage,0.00010000000
71,2054,Kenya,2040,CSP without Storage,0.00010000000
71,2055,Kenya,2040,CSP without Storage,0.00010000000
71,2058,Kenya,2040,CSP without Storage,0.00010000000
71,2059,Kenya,2040,CSP without Storage,0.00010000000
71,2060,Kenya,2040,CSP without Storage,0.00010000000
71,2063,Kenya,2040,CSP without Storage,0.00010000000
71,2064,Kenya,2040,CSP without Storage,0.00010000000
71,2065,Kenya,2040,CSP without Storage,0.00010000000
71,2068,Kenya,2040,CSP without Storage,0.00010000000
71,2069,Kenya,2040,CSP without Storage,0.00010000000
71,2070,Kenya,2040,CSP without Storage,0.00010000000
71,2073,Kenya,2040,CSP without Storage,0.00010000000
71,2074,Kenya,2040,CSP without Storage,0.00010000000
72,2050,Kenya,2040,Coal Power Plant,0.00030000000
72,2053,Kenya,2040,Coal Power Plant,0.00030000000
72,2054,Kenya,2040,Coal Power Plant,0.00030000000
72,2055,Kenya,2040,Coal Power Plant,0.00030000000
72,2058,Kenya,2040,Coal Power Plant,0.00030000000
72,2059,Kenya,2040,Coal Power Plant,0.00030000000
72,2060,Kenya,2040,Coal Power Plant,0.00030000000
72,2063,Kenya,2040,Coal Power Plant,0.00030000000
72,2064,Kenya,2040,Coal Power Plant,0.00030000000
72,2065,Kenya,2040,Coal Power Plant,0.00030000000
72,2068,Kenya,2040,Coal Power Plant,0.00030000000
72,2069,Kenya,2040,Coal Power Plant,0.00030000000
72,2070,Kenya,2040,Coal Power Plant,0.00030000000
72,2073,Kenya,2040,Coal Power Plant,0.00030000000
72,2074,Kenya,2040,Coal Power Plant,0.00030000000
72,2075,Kenya,2040,Coal Power Plant,0.00030000000
72,2078,Kenya,2040,Coal Power Plant,0.00030000000
72,2079,Kenya,2040,Coal Power Plant,0.00030000000
73,2050,Kenya,2040,Gas Power Plant (CCGT),0.00010000000
73,2053,Kenya,2040,Gas Power Plant (CCGT),0.00010000000
73,2054,Kenya,2040,Gas Power Plant (CCGT),0.00010000000
73,2055,Kenya,2040,Gas Power Plant (CCGT),0.00010000000
73,2058,Kenya,2040,Gas Power Plant (CCGT),0.00010000000
73,2059,Kenya,2040,Gas Power Plant (CCGT),0.00010000000
73,2060,Kenya,2040,Gas Power Plant (CCGT),0.00010000000
73,2063,Kenya,2040,Gas Power Plant (CCGT),0.00010000000
73,2064,Kenya,2040,Gas Power Plant (CCGT),0.00010000000
73,2065,Kenya,2040,Gas Power Plant (CCGT),0.00010000000
73,2068,Kenya,2040,Gas Power Plant (CCGT),0.00010000000
73,2069,Kenya,2040,Gas Power Plant (CCGT),0.00010000000
73,2070,Kenya,2040,Gas Power Plant (CCGT),0.00010000000
73,2073,Kenya,2040,Gas Power Plant (CCGT),0.00010000000
73,2074,Kenya,2040,Gas Power Plant (CCGT),0.00010000000
74,2050,Kenya,2040,Gas Power Plant (SCGT),0.00020000000
74,2053,Kenya,2040,Gas Power Plant (SCGT),0.00020000000
74,2054,Kenya,2040,Gas Power Plant (SCGT),0.00020000000
74,2055,Kenya,2040,Gas Power Plant (SCGT),0.00020000000
74,2058,Kenya,2040,Gas Power Plant (SCGT),0.00020000000
74,2059,Kenya,2040,Gas Power Plant (SCGT),0.00020000000
74,2060,Kenya,2040,Gas Power Plant (SCGT),0.00020000000
74,2063,Kenya,2040,Gas Power Plant (SCGT),0.00020000000
74,2064,Kenya,2040,Gas Power Plant (SCGT),0.00020000000
74,2065,Kenya,2040,Gas Power Plant (SCGT),0.00020000000
74,2068,Kenya,2040,Gas Power Plant (SCGT),0.00020000000
74,2069,Kenya,2040,Gas Power Plant (SCGT),0.00020000000
75,2050,Kenya,2040,Geothermal Power Plant,57.01480000000
75,2053,Kenya,2040,Geothermal Power Plant,57.01480000000
75,2054,Kenya,2040,Geothermal Power Plant,57.01480000000
75,2055,Kenya,2040,Geothermal Power Plant,57.01480000000
75,2058,Kenya,2040,Geothermal Power Plant,57.01480000000
75,2059,Kenya,2040,Geothermal Power Plant,57.01480000000
75,2060,Kenya,2040,Geothermal Power Plant,57.01480000000
75,2063,Kenya,2040,Geothermal Power Plant,57.01480000000
75,2064,Kenya,2040,Geothermal Power Plant,57.01480000000
75,2065,Kenya,2040,Geothermal Power Plant,57.01480000000
75,2068,Kenya,2040,Geothermal Power Plant,57.01480000000
75,2069,Kenya,2040,Geothermal Power Plant,57.01480000000
76,2050,Kenya,2040,Large Hydropower Plant (Dam) (>100MW),72.86440000000
76,2053,Kenya,2040,Large Hydropower Plant (Dam) (>100MW),72.86440000000
76,2054,Kenya,2040,Large Hydropower Plant (Dam) (>100MW),72.86440000000
76,2055,Kenya,2040,Large Hydropower Plant (Dam) (>100MW),72.86440000000
76,2058,Kenya,2040,Large Hydropower Plant (Dam) (>100MW),72.86440000000
76,2059,Kenya,2040,Large Hydropower Plant (Dam) (>100MW),72.86440000000
76,2060,Kenya,2040,Large Hydropower Plant (Dam) (>100MW),72.86440000000
76,2063,Kenya,2040,Large Hydropower Plant (Dam) (>100MW),72.86440000000
76,2064,Kenya,2040,Large Hydropower Plant (Dam) (>100MW),72.86440000000
76,2065,Kenya,2040,Large Hydropower Plant (Dam) (>100MW),72.86440000000
76,2068,Kenya,2040,Large Hydropower Plant (Dam) (>100MW),72.86440000000
76,2069,Kenya,2040,Large Hydropower Plant (Dam) (>100MW),72.86440000000
76,2070,Kenya,2040,Large Hydropower Plant (Dam) (>100MW),72.86440000000
76,2073,Kenya,2040,Large Hydropower Plant (Dam) (>100MW),72.86440000000
76,2074,Kenya,2040,Large Hydropower Plant (Dam) (>100MW),72.86440000000
76,2075,Kenya,2040,Large Hydropower Plant (Dam) (>100MW),72.86440000000
76,2078,Kenya,2040,Large Hydropower Plant (Dam) (>100MW),72.86440000000
76,2079,Kenya,2040,Large Hydropower Plant (Dam) (>100MW),72.86440000000
76,2080,Kenya,2040,Large Hydropower Plant (Dam) (>100MW),72.86440000000
76,2084,Kenya,2040,Large Hydropower Plant (Dam) (>100MW),72.86440000000
76,2085,Kenya,2040,Large Hydropower Plant (Dam) (>100MW),72.86440000000
76,2089,Kenya,2040,Large Hydropower Plant (Dam) (>100MW),72.86440000000
76,2090,Kenya,2040,Large Hydropower Plant (Dam) (>100MW),72.86440000000
76,2094,Kenya,2040,Large Hydropower Plant (Dam) (>100MW),72.86440000000
79,2050,Kenya,2040,Medium Hydropower Plant (10-100MW),0.14470000000
79,2053,Kenya,2040,Medium Hydropower Plant (10-100MW),0.14470000000
79,2054,Kenya,2040,Medium Hydropower Plant (10-100MW),0.14470000000
79,2055,Kenya,2040,Medium Hydropower Plant (10-100MW),0.14470000000
79,2058,Kenya,2040,Medium Hydropower Plant (10-100MW),0.14470000000
79,2059,Kenya,2040,Medium Hydropower Plant (10-100MW),0.14470000000
79,2060,Kenya,2040,Medium Hydropower Plant (10-100MW),0.14470000000
79,2063,Kenya,2040,Medium Hydropower Plant (10-100MW),0.14470000000
79,2064,Kenya,2040,Medium Hydropower Plant (10-100MW),0.14470000000
79,2065,Kenya,2040,Medium Hydropower Plant (10-100MW),0.14470000000
79,2068,Kenya,2040,Medium Hydropower Plant (10-100MW),0.14470000000
79,2069,Kenya,2040,Medium Hydropower Plant (10-100MW),0.14470000000
79,2070,Kenya,2040,Medium Hydropower Plant (10-100MW),0.14470000000
79,2073,Kenya,2040,Medium Hydropower Plant (10-100MW),0.14470000000
79,2074,Kenya,2040,Medium Hydropower Plant (10-100MW),0.14470000000
79,2075,Kenya,2040,Medium Hydropower Plant (10-100MW),0.14470000000
79,2078,Kenya,2040,Medium Hydropower Plant (10-100MW),0.14470000000
79,2079,Kenya,2040,Medium Hydropower Plant (10-100MW),0.14470000000
79,2080,Kenya,2040,Medium Hydropower Plant (10-100MW),0.14470000000
79,2084,Kenya,2040,Medium Hydropower Plant (10-100MW),0.14470000000
79,2085,Kenya,2040,Medium Hydropower Plant (10-100MW),0.14470000000
79,2089,Kenya,2040,Medium Hydropower Plant (10-100MW),0.14470000000
79,2090,Kenya,2040,Medium Hydropower Plant (10-100MW),0.14470000000
79,2094,Kenya,2040,Medium Hydropower Plant (10-100MW),0.14470000000
80,2050,Kenya,2040,Nuclear Power Plant,0.00010000000
80,2053,Kenya,2040,Nuclear Power Plant,0.00010000000
80,2054,Kenya,2040,Nuclear Power Plant,0.00010000000
80,2055,Kenya,2040,Nuclear Power Plant,0.00010000000
80,2058,Kenya,2040,Nuclear Power Plant,0.00010000000
80,2059,Kenya,2040,Nuclear Power Plant,0.00010000000
80,2060,Kenya,2040,Nuclear Power Plant,0.00010000000
80,2063,Kenya,2040,Nuclear Power Plant,0.00010000000
80,2064,Kenya,2040,Nuclear Power Plant,0.00010000000
80,2065,Kenya,2040,Nuclear Power Plant,0.00010000000
80,2068,Kenya,2040,Nuclear Power Plant,0.00010000000
80,2069,Kenya,2040,Nuclear Power Plant,0.00010000000
80,2070,Kenya,2040,Nuclear Power Plant,0.00010000000
80,2073,Kenya,2040,Nuclear Power Plant,0.00010000000
80,2074,Kenya,2040,Nuclear Power Plant,0.00010000000
80,2075,Kenya,2040,Nuclear Power Plant,0.00010000000
80,2078,Kenya,2040,Nuclear Power Plant,0.00010000000
80,2079,Kenya,2040,Nuclear Power Plant,0.00010000000
80,2080,Kenya,2040,Nuclear Power Plant,0.00010000000
80,2084,Kenya,2040,Nuclear Power Plant,0.00010000000
80,2085,Kenya,2040,Nuclear Power Plant,0.00010000000
80,2089,Kenya,2040,Nuclear Power Plant,0.00010000000
80,2090,Kenya,2040,Nuclear Power Plant,0.00010000000
80,2094,Kenya,2040,Nuclear Power Plant,0.00010000000
81,2050,Kenya,2040,Offshore Wind,0.00010000000
81,2053,Kenya,2040,Offshore Wind,0.00010000000
81,2054,Kenya,2040,Offshore Wind,0.00010000000
81,2055,Kenya,2040,Offshore Wind,0.00010000000
81,2058,Kenya,2040,Offshore Wind,0.00010000000
81,2059,Kenya,2040,Offshore Wind,0.00010000000
81,2060,Kenya,2040,Offshore Wind,0.00010000000
81,2063,Kenya,2040,Offshore Wind,0.00010000000
81,2064,Kenya,2040,Offshore Wind,0.00010000000
81,2065,Kenya,2040,Offshore Wind,0.00010000000
81,2068,Kenya,2040,Offshore Wind,0.00010000000
81,2069,Kenya,2040,Offshore Wind,0.00010000000
82,2050,Kenya,2040,Oil Fired Gas Turbine (SCGT),92.71630000000
82,2053,Kenya,2040,Oil Fired Gas Turbine (SCGT),92.71630000000
82,2054,Kenya,2040,Oil Fired Gas Turbine (SCGT),92.71630000000
82,2055,Kenya,2040,Oil Fired Gas Turbine (SCGT),92.71630000000
82,2058,Kenya,2040,Oil Fired Gas Turbine (SCGT),92.71630000000
82,2059,Kenya,2040,Oil Fired Gas Turbine (SCGT),92.71630000000
82,2060,Kenya,2040,Oil Fired Gas Turbine (SCGT),92.71630000000
82,2063,Kenya,2040,Oil Fired Gas Turbine (SCGT),92.71630000000
82,2064,Kenya,2040,Oil Fired Gas Turbine (SCGT),92.71630000000
82,2065,Kenya,2040,Oil Fired Gas Turbine (SCGT),92.71630000000
82,2068,Kenya,2040,Oil Fired Gas Turbine (SCGT),92.71630000000
82,2069,Kenya,2040,Oil Fired Gas Turbine (SCGT),92.71630000000
86,2050,Kenya,2040,Solar PV (Utility),130.85460000000
86,2053,Kenya,2040,Solar PV (Utility),130.85460000000
86,2054,Kenya,2040,Solar PV (Utility),130.85460000000
86,2055,Kenya,2040,Solar PV (Utility),130.85460000000
86,2058,Kenya,2040,Solar PV (Utility),130.85460000000
86,2059,Kenya,2040,Solar PV (Utility),130.85460000000
86,2060,Kenya,2040,Solar PV (Utility),130.85460000000
86,2063,Kenya,2040,Solar PV (Utility),130.85460000000
86,2064,Kenya,2040,Solar PV (Utility),130.85460000000
86,2065,Kenya,2040,Solar PV (Utility),130.85460000000
86,2068,Kenya,2040,Solar PV (Utility),130.85460000000
89,2050,Kenya,2045,CSP without Storage,0.00040000000
89,2053,Kenya,2045,CSP without Storage,0.00040000000
89,2054,Kenya,2045,CSP without Storage,0.00040000000
89,2055,Kenya,2045,CSP without Storage,0.00040000000
89,2058,Kenya,2045,CSP without Storage,0.00040000000
89,2059,Kenya,2045,CSP without Storage,0.00040000000
89,2060,Kenya,2045,CSP without Storage,0.00040000000
89,2063,Kenya,2045,CSP without Storage,0.00040000000
89,2064,Kenya,2045,CSP without Storage,0.00040000000
89,2065,Kenya,2045,CSP without Storage,0.00040000000
89,2068,Kenya,2045,CSP without Storage,0.00040000000
89,2069,Kenya,2045,CSP without Storage,0.00040000000
89,2070,Kenya,2045,CSP without Storage,0.00040000000
89,2073,Kenya,2045,CSP without Storage,0.00040000000
89,2074,Kenya,2045,CSP without Storage,0.00040000000
89,2075,Kenya,2045,CSP without Storage,0.00040000000
89,2078,Kenya,2045,CSP without Storage,0.00040000000
89,2079,Kenya,2045,CSP without Storage,0.00040000000
90,2050,Kenya,2045,Coal Power Plant,0.00150000000
90,2053,Kenya,2045,Coal Power Plant,0.00150000000
90,2054,Kenya,2045,Coal Power Plant,0.00150000000
90,2055,Kenya,2045,Coal Power Plant,0.00150000000
90,2058,Kenya,2045,Coal Power Plant,0.00150000000
90,2059,Kenya,2045,Coal Power Plant,0.00150000000
90,2060,Kenya,2045,Coal Power Plant,0.00150000000
90,2063,Kenya,2045,Coal Power Plant,0.00150000000
90,2064,Kenya,2045,Coal Power Plant,0.00150000000
90,2065,Kenya,2045,Coal Power Plant,0.00150000000
90,2068,Kenya,2045,Coal Power Plant,0.00150000000
90,2069,Kenya,2045,Coal Power Plant,0.00150000000
90,2070,Kenya,2045,Coal Power Plant,0.00150000000
90,2073,Kenya,2045,Coal Power Plant,0.00150000000
90,2074,Kenya,2045,Coal Power Plant,0.00150000000
90,2075,Kenya,2045,Coal Power Plant,0.00150000000
90,2078,Kenya,2045,Coal Power Plant,0.00150000000
90,2079,Kenya,2045,Coal Power Plant,0.00150000000
90,2080,Kenya,2045,Coal Power Plant,0.00150000000
90,2084,Kenya,2045,Coal Power Plant,0.00150000000
91,2050,Kenya,2045,Gas Power Plant (CCGT),0.00090000000
91,2053,Kenya,2045,Gas Power Plant (CCGT),0.00090000000
91,2054,Kenya,2045,Gas Power Plant (CCGT),0.00090000000
91,2055,Kenya,2045,Gas Power Plant (CCGT),0.00090000000
91,2058,Kenya,2045,Gas Power Plant (CCGT),0.00090000000
91,2059,Kenya,2045,Gas Power Plant (CCGT),0.00090000000
91,2060,Kenya,2045,Gas Power Plant (CCGT),0.00090000000
91,2063,Kenya,2045,Gas Power Plant (CCGT),0.00090000000
91,2064,Kenya,2045,Gas Power Plant (CCGT),0.00090000000
91,2065,Kenya,2045,Gas Power Plant (CCGT),0.00090000000
91,2068,Kenya,2045,Gas Power Plant (CCGT),0.00090000000
91,2069,Kenya,2045,Gas Power Plant (CCGT),0.00090000000
91,2070,Kenya,2045,Gas Power Plant (CCGT),0.00090000000
91,2073,Kenya,2045,Gas Power Plant (CCGT),0.00090000000
91,2074,Kenya,2045,Gas Power Plant (CCGT),0.00090000000
91,2075,Kenya,2045,Gas Power Plant (CCGT),0.00090000000
91,2078,Kenya,2045,Gas Power Plant (CCGT),0.00090000000
91,2079,Kenya,2045,Gas Power Plant (CCGT),0.00090000000
92,2050,Kenya,2045,Gas Power Plant (SCGT),0.00120000000
92,2053,Kenya,2045,Gas Power Plant (SCGT),0.00120000000
92,2054,Kenya,2045,Gas Power Plant (SCGT),0.00120000000
92,2055,Kenya,2045,Gas Power Plant (SCGT),0.00120000000
92,2058,Kenya,2045,Gas Power Plant (SCGT),0.00120000000
92,2059,Kenya,2045,Gas Power Plant (SCGT),0.00120000000
92,2060,Kenya,2045,Gas Power Plant (SCGT),0.00120000000
92,2063,Kenya,2045,Gas Power Plant (SCGT),0.00120000000
92,2064,Kenya,2045,Gas Power Plant (SCGT),0.00120000000
92,2065,Kenya,2045,Gas Power Plant (SCGT),0.00120000000
92,2068,Kenya,2045,Gas Power Plant (SCGT),0.00120000000
92,2069,Kenya,2045,Gas Power Plant (SCGT),0.00120000000
92,2070,Kenya,2045,Gas Power Plant (SCGT),0.00120000000
92,2073,Kenya,2045,Gas Power Plant (SCGT),0.00120000000
92,2074,Kenya,2045,Gas Power Plant (SCGT),0.00120000000
93,2050,Kenya,2045,Geothermal Power Plant,57.01480000000
93,2053,Kenya,2045,Geothermal Power Plant,57.01480000000
93,2054,Kenya,2045,Geothermal Power Plant,57.01480000000
93,2055,Kenya,2045,Geothermal Power Plant,57.01480000000
93,2058,Kenya,2045,Geothermal Power Plant,57.01480000000
93,2059,Kenya,2045,Geothermal Power Plant,57.01480000000
93,2060,Kenya,2045,Geothermal Power Plant,57.01480000000
93,2063,Kenya,2045,Geothermal Power Plant,57.01480000000
93,2064,Kenya,2045,Geothermal Power Plant,57.01480000000
93,2065,Kenya,2045,Geothermal Power Plant,57.01480000000
93,2068,Kenya,2045,Geothermal Power Plant,57.01480000000
93,2069,Kenya,2045,Geothermal Power Plant,57.01480000000
93,2070,Kenya,2045,Geothermal Power Plant,57.01480000000
93,2073,Kenya,2045,Geothermal Power Plant,57.01480000000
93,2074,Kenya,2045,Geothermal Power Plant,57.01480000000
94,2050,Kenya,2045,Large Hydropower Plant (Dam) (>100MW),278.91350000000
94,2053,Kenya,2045,Large Hydropower Plant (Dam) (>100MW),278.91350000000
94,2054,Kenya,2045,Large Hydropower Plant (Dam) (>100MW),278.91350000000
94,2055,Kenya,2045,Large Hydropower Plant (Dam) (>100MW),278.91350000000
94,2058,Kenya,2045,Large Hydropower Plant (Dam) (>100MW),278.91350000000
94,2059,Kenya,2045,Large Hydropower Plant (Dam) (>100MW),278.91350000000
94,2060,Kenya,2045,Large Hydropower Plant (Dam) (>100MW),278.91350000000
94,2063,Kenya,2045,Large Hydropower Plant (Dam) (>100MW),278.91350000000
94,2064,Kenya,2045,Large Hydropower Plant (Dam) (>100MW),278.91350000000
94,2065,Kenya,2045,Large Hydropower Plant (Dam) (>100MW),278.91350000000
94,2068,Kenya,2045,Large Hydropower Plant (Dam) (>100MW),278.91350000000
94,2069,Kenya,2045,Large Hydropower Plant (Dam) (>100MW),278.91350000000
94,2070,Kenya,2045,Large Hydropower Plant (Dam) (>100MW),278.91350000000
94,2073,Kenya,2045,Large Hydropower Plant (Dam) (>100MW),278.91350000000
94,2074,Kenya,2045,Large Hydropower Plant (Dam) (>100MW),278.91350000000
94,2075,Kenya,2045,Large Hydropower Plant (Dam) (>100MW),278.91350000000
94,2078,Kenya,2045,Large Hydropower Plant (Dam) (>100MW),278.91350000000
94,2079,Kenya,2045,Large Hydropower Plant (Dam) (>100MW),278.91350000000
94,2080,Kenya,2045,Large Hydropower Plant (Dam) (>100MW),278.91350000000
94,2084,Kenya,2045,Large Hydropower Plant (Dam) (>100MW),278.91350000000
94,2085,Kenya,2045,Large Hydropower Plant (Dam) (>100MW),278.91350000000
94,2089,Kenya,2045,Large Hydropower Plant (Dam) (>100MW),278.91350000000
94,2090,Kenya,2045,Large Hydropower Plant (Dam) (>100MW),278.91350000000
94,2094,Kenya,2045,Large Hydropower Plant (Dam) (>100MW),278.91350000000
94,2095,Kenya,2045,Large Hydropower Plant (Dam) (>100MW),278.91350000000
94,2099,Kenya,2045,Large Hydropower Plant (Dam) (>100MW),278.91350000000
97,2050,Kenya,2045,Medium Hydropower Plant (10-100MW),0.14180000000
97,2053,Kenya,2045,Medium Hydropower Plant (10-100MW),0.14180000000
97,2054,Kenya,2045,Medium Hydropower Plant (10-100MW),0.14180000000
97,2055,Kenya,2045,Medium Hydropower Plant (10-100MW),0.14180000000
97,2058,Kenya,2045,Medium Hydropower Plant (10-100MW),0.14180000000
97,2059,Kenya,2045,Medium Hydropower Plant (10-100MW),0.14180000000
97,2060,Kenya,2045,Medium Hydropower Plant (10-100MW),0.14180000000
97,2063,Kenya,2045,Medium Hydropower Plant (10-100MW),0.14180000000
97,2064,Kenya,2045,Medium Hydropower Plant (10-100MW),0.14180000000
97,2065,Kenya,2045,Medium Hydropower Plant (10-100MW),0.14180000000
97,2068,Kenya,2045,Medium Hydropower Plant (10-100MW),0.14180000000
97,2069,Kenya,2045,Medium Hydropower Plant (10-100MW),0.14180000000
97,2070,Kenya,2045,Medium Hydropower Plant (10-100MW),0.14180000000
97,2073,Kenya,2045,Medium Hydropower Plant (10-100MW),0.14180000000
97,2074,Kenya,2045,Medium Hydropower Plant (10-100MW),0.14180000000
97,2075,Kenya,2045,Medium Hydropower Plant (10-100MW),0.14180000000
97,2078,Kenya,2045,Medium Hydropower Plant (10-100MW),0.14180000000
97,2079,Kenya,2045,Medium Hydropower Plant (10-100MW),0.14180000000
97,2080,Kenya,2045,Medium Hydropower Plant (10-100MW),0.14180000000
97,2084,Kenya,2045,Medium Hydropower Plant (10-100MW),0.14180000000
97,2085,Kenya,2045,Medium Hydropower Plant (10-100MW),0.14180000000
97,2089,Kenya,2045,Medium Hydropower Plant (10-100MW),0.14180000000
97,2090,Kenya,2045,Medium Hydropower Plant (10-100MW),0.14180000000
97,2094,Kenya,2045,Medium Hydropower Plant (10-100MW),0.14180000000
97,2095,Kenya,2045,Medium Hydropower Plant (10-100MW),0.14180000000
97,2099,Kenya,2045,Medium Hydropower Plant (10-100MW),0.14180000000
98,2050,Kenya,2045,Nuclear Power Plant,0.00070000000
98,2053,Kenya,2045,Nuclear Power Plant,0.00070000000
98,2054,Kenya,2045,Nuclear Power Plant,0.00070000000
98,2055,Kenya,2045,Nuclear Power Plant,0.00070000000
98,2058,Kenya,2045,Nuclear Power Plant,0.00070000000
98,2059,Kenya,2045,Nuclear Power Plant,0.00070000000
98,2060,Kenya,2045,Nuclear Power Plant,0.00070000000
98,2063,Kenya,2045,Nuclear Power Plant,0.00070000000
98,2064,Kenya,2045,Nuclear Power Plant,0.00070000000
98,2065,Kenya,2045,Nuclear Power Plant,0.00070000000
98,2068,Kenya,2045,Nuclear Power Plant,0.00070000000
98,2069,Kenya,2045,Nuclear Power Plant,0.00070000000
98,2070,Kenya,2045,Nuclear Power Plant,0.00070000000
98,2073,Kenya,2045,Nuclear Power Plant,0.00070000000
98,2074,Kenya,2045,Nuclear Power Plant,0.00070000000
98,2075,Kenya,2045,Nuclear Power Plant,0.00070000000
98,2078,Kenya,2045,Nuclear Power Plant,0.00070000000
98,2079,Kenya,2045,Nuclear Power Plant,0.00070000000
98,2080,Kenya,2045,Nuclear Power Plant,0.00070000000
98,2084,Kenya,2045,Nuclear Power Plant,0.00070000000
98,2085,Kenya,2045,Nuclear Power Plant,0.00070000000
98,2089,Kenya,2045,Nuclear Power Plant,0.00070000000
98,2090,Kenya,2045,Nuclear Power Plant,0.00070000000
98,2094,Kenya,2045,Nuclear Power Plant,0.00070000000
98,2095,Kenya,2045,Nuclear Power Plant,0.00070000000
98,2099,Kenya,2045,Nuclear Power Plant,0.00070000000
99,2050,Kenya,2045,Offshore Wind,0.00070000000
99,2053,Kenya,2045,Offshore Wind,0.00070000000
99,2054,Kenya,2045,Offshore Wind,0.00070000000
99,2055,Kenya,2045,Offshore Wind,0.00070000000
99,2058,Kenya,2045,Offshore Wind,0.00070000000
99,2059,Kenya,2045,Offshore Wind,0.00070000000
99,2060,Kenya,2045,Offshore Wind,0.00070000000
99,2063,Kenya,2045,Offshore Wind,0.00070000000
99,2064,Kenya,2045,Offshore Wind,0.00070000000
99,2065,Kenya,2045,Offshore Wind,0.00070000000
99,2068,Kenya,2045,Offshore Wind,0.00070000000
99,2069,Kenya,2045,Offshore Wind,0.00070000000
99,2070,Kenya,2045,Offshore Wind,0.00070000000
99,2073,Kenya,2045,Offshore Wind,0.00070000000
99,2074,Kenya,2045,Offshore Wind,0.00070000000
102,2050,Kenya,2045,Small Hydropower Plant (<10MW),0.00030000000
102,2053,Kenya,2045,Small Hydropower Plant (<10MW),0.00030000000
102,2054,Kenya,2045,Small Hydropower Plant (<10MW),0.00030000000
102,2055,Kenya,2045,Small Hydropower Plant (<10MW),0.00030000000
102,2058,Kenya,2045,Small Hydropower Plant (<10MW),0.00030000000
102,2059,Kenya,2045,Small Hydropower Plant (<10MW),0.00030000000
102,2060,Kenya,2045,Small Hydropower Plant (<10MW),0.00030000000
102,2063,Kenya,2045,Small Hydropower Plant (<10MW),0.00030000000
102,2064,Kenya,2045,Small Hydropower Plant (<10MW),0.00030000000
102,2065,Kenya,2045,Small Hydropower Plant (<10MW),0.00030000000
102,2068,Kenya,2045,Small Hydropower Plant (<10MW),0.00030000000
102,2069,Kenya,2045,Small Hydropower Plant (<10MW),0.00030000000
102,2070,Kenya,2045,Small Hydropower Plant (<10MW),0.00030000000
102,2073,Kenya,2045,Small Hydropower Plant (<10MW),0.00030000000
102,2074,Kenya,2045,Small Hydropower Plant (<10MW),0.00030000000
102,2075,Kenya,2045,Small Hydropower Plant (<10MW),0.00030000000
102,2078,Kenya,2045,Small Hydropower Plant (<10MW),0.00030000000
102,2079,Kenya,2045,Small Hydropower Plant (<10MW),0.00030000000
102,2080,Kenya,2045,Small Hydropower Plant (<10MW),0.00030000000
102,2084,Kenya,2045,Small Hydropower Plant (<10MW),0.00030000000
102,2085,Kenya,2045,Small Hydropower Plant (<10MW),0.00030000000
102,2089,Kenya,2045,Small Hydropower Plant (<10MW),0.00030000000
102,2090,Kenya,2045,Small Hydropower Plant (<10MW),0.00030000000
102,2094,Kenya,2045,Small Hydropower Plant (<10MW),0.00030000000
102,2095,Kenya,2045,Small Hydropower Plant (<10MW),0.00030000000
102,2099,Kenya,2045,Small Hydropower Plant (<10MW),0.00030000000
104,2050,Kenya,2045,Solar PV (Utility),149.14960000000
104,2053,Kenya,2045,Solar PV (Utility),149.14960000000
104,2054,Kenya,2045,Solar PV (Utility),149.14960000000
104,2055,Kenya,2045,Solar PV (Utility),149.14960000000
104,2058,Kenya,2045,Solar PV (Utility),149.14960000000
104,2059,Kenya,2045,Solar PV (Utility),149.14960000000
104,2060,Kenya,2045,Solar PV (Utility),149.14960000000
104,2063,Kenya,2045,Solar PV (Utility),149.14960000000
104,2064,Kenya,2045,Solar PV (Utility),149.14960000000
104,2065,Kenya,2045,Solar PV (Utility),149.14960000000
104,2068,Kenya,2045,Solar PV (Utility),149.14960000000
104,2069,Kenya,2045,Solar PV (Utility),149.14960000000
104,2070,Kenya,2045,Solar PV (Utility),149.14960000000
104,2073,Kenya,2045,Solar PV (Utility),149.14960000000
107,2055,Kenya,2050,CSP without Storage,0.00220000000
107,2058,Kenya,2050,CSP without Storage,0.00220000000
107,2059,Kenya,2050,CSP without Storage,0.00220000000
107,2060,Kenya,2050,CSP without Storage,0.00220000000
107,2063,Kenya,2050,CSP without Storage,0.00220000000
107,2064,Kenya,2050,CSP without Storage,0.00220000000
107,2065,Kenya,2050,CSP without Storage,0.00220000000
107,2068,Kenya,2050,CSP without Storage,0.00220000000
107,2069,Kenya,2050,CSP without Storage,0.00220000000
107,2070,Kenya,2050,CSP without Storage,0.00220000000
107,2073,Kenya,2050,CSP without Storage,0.00220000000
107,2074,Kenya,2050,CSP without Storage,0.00220000000
107,2075,Kenya,2050,CSP without Storage,0.00220000000
107,2078,Kenya,2050,CSP without Storage,0.00220000000
107,2079,Kenya,2050,CSP without Storage,0.00220000000
107,2080,Kenya,2050,CSP without Storage,0.00220000000
107,2084,Kenya,2050,CSP without Storage,0.00220000000
108,2055,Kenya,2050,Coal Power Plant,0.00910000000
108,2058,Kenya,2050,Coal Power Plant,0.00910000000
108,2059,Kenya,2050,Coal Power Plant,0.00910000000
108,2060,Kenya,2050,Coal Power Plant,0.00910000000
108,2063,Kenya,2050,Coal Power Plant,0.00910000000
108,2064,Kenya,2050,Coal Power Plant,0.00910000000
108,2065,Kenya,2050,Coal Power Plant,0.00910000000
108,2068,Kenya,2050,Coal Power Plant,0.00910000000
108,2069,Kenya,2050,Coal Power Plant,0.00910000000
108,2070,Kenya,2050,Coal Power Plant,0.00910000000
108,2073,Kenya,2050,Coal Power Plant,0.00910000000
108,2074,Kenya,2050,Coal Power Plant,0.00910000000
108,2075,Kenya,2050,Coal Power Plant,0.00910000000
108,2078,Kenya,2050,Coal Power Plant,0.00910000000
108,2079,Kenya,2050,Coal Power Plant,0.00910000000
108,2080,Kenya,2050,Coal Power Plant,0.00910000000
108,2084,Kenya,2050,Coal Power Plant,0.00910000000
108,2085,Kenya,2050,Coal Power Plant,0.00910000000
108,2089,Kenya,2050,Coal Power Plant,0.00910000000
109,2055,Kenya,2050,Gas Power Plant (CCGT),0.00520000000
109,2058,Kenya,2050,Gas Power Plant (CCGT),0.00520000000
109,2059,Kenya,2050,Gas Power Plant (CCGT),0.00520000000
109,2060,Kenya,2050,Gas Power Plant (CCGT),0.00520000000
109,2063,Kenya,2050,Gas Power Plant (CCGT),0.00520000000
109,2064,Kenya,2050,Gas Power Plant (CCGT),0.00520000000
109,2065,Kenya,2050,Gas Power Plant (CCGT),0.00520000000
109,2068,Kenya,2050,Gas Power Plant (CCGT),0.00520000000
109,2069,Kenya,2050,Gas Power Plant (CCGT),0.00520000000
109,2070,Kenya,2050,Gas Power Plant (CCGT),0.00520000000
109,2073,Kenya,2050,Gas Power Plant (CCGT),0.00520000000
109,2074,Kenya,2050,Gas Power Plant (CCGT),0.00520000000
109,2075,Kenya,2050,Gas Power Plant (CCGT),0.00520000000
109,2078,Kenya,2050,Gas Power Plant (CCGT),0.00520000000
109,2079,Kenya,2050,Gas Power Plant (CCGT),0.00520000000
109,2080,Kenya,2050,Gas Power Plant (CCGT),0.00520000000
109,2084,Kenya,2050,Gas Power Plant (CCGT),0.00520000000
110,2055,Kenya,2050,Gas Power Plant (SCGT),0.00730000000
110,2058,Kenya,2050,Gas Power Plant (SCGT),0.00730000000
110,2059,Kenya,2050,Gas Power Plant (SCGT),0.00730000000
110,2060,Kenya,2050,Gas Power Plant (SCGT),0.00730000000
110,2063,Kenya,2050,Gas Power Plant (SCGT),0.00730000000
110,2064,Kenya,2050,Gas Power Plant (SCGT),0.00730000000
110,2065,Kenya,2050,Gas Power Plant (SCGT),0.00730000000
110,2068,Kenya,2050,Gas Power Plant (SCGT),0.00730000000
110,2069,Kenya,2050,Gas Power Plant (SCGT),0.00730000000
110,2070,Kenya,2050,Gas Power Plant (SCGT),0.00730000000
110,2073,Kenya,2050,Gas Power Plant (SCGT),0.00730000000
110,2074,Kenya,2050,Gas Power Plant (SCGT),0.00730000000
110,2075,Kenya,2050,Gas Power Plant (SCGT),0.00730000000
110,2078,Kenya,2050,Gas Power Plant (SCGT),0.00730000000
110,2079,Kenya,2050,Gas Power Plant (SCGT),0.00730000000
111,2055,Kenya,2050,Geothermal Power Plant,29.80040000000
111,2058,Kenya,2050,Geothermal Power Plant,29.80040000000
111,2059,Kenya,2050,Geothermal Power Plant,29.80040000000
111,2060,Kenya,2050,Geothermal Power Plant,29.80040000000
111,2063,Kenya,2050,Geothermal Power Plant,29.80040000000
111,2064,Kenya,2050,Geothermal Power Plant,29.80040000000
111,2065,Kenya,2050,Geothermal Power Plant,29.80040000000
111,2068,Kenya,2050,Geothermal Power Plant,29.80040000000
111,2069,Kenya,2050,Geothermal Power Plant,29.80040000000
111,2070,Kenya,2050,Geothermal Power Plant,29.80040000000
111,2073,Kenya,2050,Geothermal Power Plant,29.80040000000
111,2074,Kenya,2050,Geothermal Power Plant,29.80040000000
111,2075,Kenya,2050,Geothermal Power Plant,29.80040000000
111,2078,Kenya,2050,Geothermal Power Plant,29.80040000000
111,2079,Kenya,2050,Geothermal Power Plant,29.80040000000
112,2055,Kenya,2050,Large Hydropower Plant (Dam) (>100MW),291.11600000000
112,2058,Kenya,2050,Large Hydropower Plant (Dam) (>100MW),291.11600000000
112,2059,Kenya,2050,Large Hydropower Plant (Dam) (>100MW),291.11600000000
112,2060,Kenya,2050,Large Hydropower Plant (Dam) (>100MW),291.11600000000
112,2063,Kenya,2050,Large Hydropower Plant (Dam) (>100MW),291.11600000000
112,2064,Kenya,2050,Large Hydropower Plant (Dam) (>100MW),291.11600000000
112,2065,Kenya,2050,Large Hydropower Plant (Dam) (>100MW),291.11600000000
112,2068,Kenya,2050,Large Hydropower Plant (Dam) (>100MW),291.11600000000
112,2069,Kenya,2050,Large Hydropower Plant (Dam) (>100MW),291.11600000000
112,2070,Kenya,2050,Large Hydropower Plant (Dam) (>100MW),291.11600000000
112,2073,Kenya,2050,Large Hydropower Plant (Dam) (>100MW),291.11600000000
112,2074,Kenya,2050,Large Hydropower Plant (Dam) (>100MW),291.11600000000
112,2075,Kenya,2050,Large Hydropower Plant (Dam) (>100MW),291.11600000000
112,2078,Kenya,2050,Large Hydropower Plant (Dam) (>100MW),291.11600000000
112,2079,Kenya,2050,Large Hydropower Plant (Dam) (>100MW),291.11600000000
112,2080,Kenya,2050,Large Hydropower Plant (Dam) (>100MW),291.11600000000
112,2084,Kenya,2050,Large Hydropower Plant (Dam) (>100MW),291.11600000000
112,2085,Kenya,2050,Large Hydropower Plant (Dam) (>100MW),291.11600000000
112,2089,Kenya,2050,Large Hydropower Plant (Dam) (>100MW),291.11600000000
112,2090,Kenya,2050,Large Hydropower Plant (Dam) (>100MW),291.11600000000
112,2094,Kenya,2050,Large Hydropower Plant (Dam) (>100MW),291.11600000000
112,2095,Kenya,2050,Large Hydropower Plant (Dam) (>100MW),291.11600000000
112,2099,Kenya,2050,Large Hydropower Plant (Dam) (>100MW),291.11600000000
112,2100,Kenya,2050,Large Hydropower Plant (Dam) (>100MW),291.11600000000
112,2104,Kenya,2050,Large Hydropower Plant (Dam) (>100MW),291.11600000000
115,2055,Kenya,2050,Medium Hydropower Plant (10-100MW),6.95050000000
115,2058,Kenya,2050,Medium Hydropower Plant (10-100MW),6.95050000000
115,2059,Kenya,2050,Medium Hydropower Plant (10-100MW),6.95050000000
115,2060,Kenya,2050,Medium Hydropower Plant (10-100MW),6.95050000000
115,2063,Kenya,2050,Medium Hydropower Plant (10-100MW),6.95050000000
115,2064,Kenya,2050,Medium Hydropower Plant (10-100MW),6.95050000000
115,2065,Kenya,2050,Medium Hydropower Plant (10-100MW),6.95050000000
115,2068,Kenya,2050,Medium Hydropower Plant (10-100MW),6.95050000000
115,2069,Kenya,2050,Medium Hydropower Plant (10-100MW),6.95050000000
115,2070,Kenya,2050,Medium Hydropower Plant (10-100MW),6.95050000000
115,2073,Kenya,2050,Medium Hydropower Plant (10-100MW),6.95050000000
115,2074,Kenya,2050,Medium Hydropower Plant (10-100MW),6.95050000000
115,2075,Kenya,2050,Medium Hydropower Plant (10-100MW),6.95050000000
115,2078,Kenya,2050,Medium Hydropower Plant (10-100MW),6.95050000000
115,2079,Kenya,2050,Medium Hydropower Plant (10-100MW),6.95050000000
115,2080,Kenya,2050,Medium Hydropower Plant (10-100MW),6.95050000000
115,2084,Kenya,2050,Medium Hydropower Plant (10-100MW),6.95050000000
115,2085,Kenya,2050,Medium Hydropower Plant (10-100MW),6.95050000000
115,2089,Kenya,2050,Medium Hydropower Plant (10-100MW),6.95050000000
115,2090,Kenya,2050,Medium Hydropower Plant (10-100MW),6.95050000000
115,2094,Kenya,2050,Medium Hydropower Plant (10-100MW),6.95050000000
115,2095,Kenya,2050,Medium Hydropower Plant (10-100MW),6.95050000000
115,2099,Kenya,2050,Medium Hydropower Plant (10-100MW),6.95050000000
115,2100,Kenya,2050,Medium Hydropower Plant (10-100MW),6.95050000000
115,2104,Kenya,2050,Medium Hydropower Plant (10-100MW),6.95050000000
116,2055,Kenya,2050,Nuclear Power Plant,0.00420000000
116,2058,Kenya,2050,Nuclear Power Plant,0.00420000000
116,2059,Kenya,2050,Nuclear Power Plant,0.00420000000
116,2060,Kenya,2050,Nuclear Power Plant,0.00420000000
116,2063,Kenya,2050,Nuclear Power Plant,0.00420000000
116,2064,Kenya,2050,Nuclear Power Plant,0.00420000000
116,2065,Kenya,2050,Nuclear Power Plant,0.00420000000
116,2068,Kenya,2050,Nuclear Power Plant,0.00420000000
116,2069,Kenya,2050,Nuclear Power Plant,0.00420000000
116,2070,Kenya,2050,Nuclear Power Plant,0.00420000000
116,2073,Kenya,2050,Nuclear Power Plant,0.00420000000
116,2074,Kenya,2050,Nuclear Power Plant,0.00420000000
116,2075,Kenya,2050,Nuclear Power Plant,0.00420000000
116,2078,Kenya,2050,Nuclear Power Plant,0.00420000000
116,2079,Kenya,2050,Nuclear Power Plant,0.00420000000
116,2080,Kenya,2050,Nuclear Power Plant,0.00420000000
116,2084,Kenya,2050,Nuclear Power Plant,0.00420000000
116,2085,Kenya,2050,Nuclear Power Plant,0.00420000000
116,2089,Kenya,2050,Nuclear Power Plant,0.00420000000
116,2090,Kenya,2050,Nuclear Power Plant,0.00420000000
116,2094,Kenya,2050,Nuclear Power Plant,0.00420000000
116,2095,Kenya,2050,Nuclear Power Plant,0.00420000000
116,2099,Kenya,2050,Nuclear Power Plant,0.00420000000
116,2100,Kenya,2050,Nuclear Power Plant,0.00420000000
116,2104,Kenya,2050,Nuclear Power Plant,0.00420000000
117,2055,Kenya,2050,Offshore Wind,0.00410000000
117,2058,Kenya,2050,Offshore Wind,0.00410000000
117,2059,Kenya,2050,Offshore Wind,0.00410000000
117,2060,Kenya,2050,Offshore Wind,0.00410000000
117,2063,Kenya,2050,Offshore Wind,0.00410000000
117,2064,Kenya,2050,Offshore Wind,0.00410000000
117,2065,Kenya,2050,Offshore Wind,0.00410000000
117,2068,Kenya,2050,Offshore Wind,0.00410000000
117,2069,Kenya,2050,Offshore Wind,0.00410000000
117,2070,Kenya,2050,Offshore Wind,0.00410000000
117,2073,Kenya,2050,Offshore Wind,0.00410000000
117,2074,Kenya,2050,Offshore Wind,0.00410000000
117,2075,Kenya,2050,Offshore Wind,0.00410000000
117,2078,Kenya,2050,Offshore Wind,0.00410000000
117,2079,Kenya,2050,Offshore Wind,0.00410000000
120,2055,Kenya,2050,Small Hydropower Plant (<10MW),0.00170000000
120,2058,Kenya,2050,Small Hydropower Plant (<10MW),0.00170000000
120,2059,Kenya,2050,Small Hydropower Plant (<10MW),0.00170000000
120,2060,Kenya,2050,Small Hydropower Plant (<10MW),0.00170000000
120,2063,Kenya,2050,Small Hydropower Plant (<10MW),0.00170000000
120,2064,Kenya,2050,Small Hydropower Plant (<10MW),0.00170000000
120,2065,Kenya,2050,Small Hydropower Plant (<10MW),0.00170000000
120,2068,Kenya,2050,Small Hydropower Plant (<10MW),0.00170000000
120,2069,Kenya,2050,Small Hydropower Plant (<10MW),0.00170000000
120,2070,Kenya,2050,Small Hydropower Plant (<10MW),0.00170000000
120,2073,Kenya,2050,Small Hydropower Plant (<10MW),0.00170000000
120,2074,Kenya,2050,Small Hydropower Plant (<10MW),0.00170000000
120,2075,Kenya,2050,Small Hydropower Plant (<10MW),0.00170000000
120,2078,Kenya,2050,Small Hydropower Plant (<10MW),0.00170000000
120,2079,Kenya,2050,Small Hydropower Plant (<10MW),0.00170000000
120,2080,Kenya,2050,Small Hydropower Plant (<10MW),0.00170000000
120,2084,Kenya,2050,Small Hydropower Plant (<10MW),0.00170000000
120,2085,Kenya,2050,Small Hydropower Plant (<10MW),0.00170000000
120,2089,Kenya,2050,Small Hydropower Plant (<10MW),0.00170000000
120,2090,Kenya,2050,Small Hydropower Plant (<10MW),0.00170000000
120,2094,Kenya,2050,Small Hydropower Plant (<10MW),0.00170000000
120,2095,Kenya,2050,Small Hydropower Plant (<10MW),0.00170000000
120,2099,Kenya,2050,Small Hydropower Plant (<10MW),0.00170000000
120,2100,Kenya,2050,Small Hydropower Plant (<10MW),0.00170000000
120,2104,Kenya,2050,Small Hydropower Plant (<10MW),0.00170000000
122,2055,Kenya,2050,Solar PV (Utility),159.50230000000
122,2058,Kenya,2050,Solar PV (Utility),159.50230000000
122,2059,Kenya,2050,Solar PV (Utility),159.50230000000
122,2060,Kenya,2050,Solar PV (Utility),159.50230000000
122,2063,Kenya,2050,Solar PV (Utility),159.50230000000
122,2064,Kenya,2050,Solar PV (Utility),159.50230000000
122,2065,Kenya,2050,Solar PV (Utility),159.50230000000
122,2068,Kenya,2050,Solar PV (Utility),159.50230000000
122,2069,Kenya,2050,Solar PV (Utility),159.50230000000
122,2070,Kenya,2050,Solar PV (Utility),159.50230000000
122,2073,Kenya,2050,Solar PV (Utility),159.50230000000
122,2074,Kenya,2050,Solar PV (Utility),159.50230000000
122,2075,Kenya,2050,Solar PV (Utility),159.50230000000
122,2078,Kenya,2050,Solar PV (Utility),159.50230000000
