asset,year,region,installed,technology,capacity
61,2085,Kenya,2035,Medium Hydropower Plant (10-100MW),144.15100000000
61,2088,Kenya,2035,Medium Hydropower Plant (10-100MW),144.15100000000
61,2089,Kenya,2035,Medium Hydropower Plant (10-100MW),144.15100000000
76,2085,Kenya,2040,Large Hydropower Plant (Dam) (>100MW),72.86440000000
76,2088,Kenya,2040,Large Hydropower Plant (Dam) (>100MW),72.86440000000
76,2089,Kenya,2040,Large Hydropower Plant (Dam) (>100MW),72.86440000000
76,2090,Kenya,2040,Large Hydropower Plant (Dam) (>100MW),72.86440000000
76,2093,Kenya,2040,Large Hydropower Plant (Dam) (>100MW),72.86440000000
76,2094,Kenya,2040,Large Hydropower Plant (Dam) (>100MW),72.86440000000
79,2085,Kenya,2040,Medium Hydropower Plant (10-100MW),0.14470000000
79,2088,Kenya,2040,Medium Hydropower Plant (10-100MW),0.14470000000
79,2089,Kenya,2040,Medium Hydropower Plant (10-100MW),0.14470000000
79,2090,Kenya,2040,Medium Hydropower Plant (10-100MW),0.14470000000
79,2093,Kenya,2040,Medium Hydropower Plant (10-100MW),0.14470000000
79,2094,Kenya,2040,Medium Hydropower Plant (10-100MW),0.14470000000
80,2085,Kenya,2040,Nuclear Power Plant,0.00010000000
80,2088,Kenya,2040,Nuclear Power Plant,0.00010000000
80,2089,Kenya,2040,Nuclear Power Plant,0.00010000000
80,2090,Kenya,2040,Nuclear Power Plant,0.00010000000
80,2093,Kenya,2040,Nuclear Power Plant,0.00010000000
80,2094,Kenya,2040,Nuclear Power Plant,0.00010000000
94,2085,Kenya,2045,Large Hydropower Plant (Dam) (>100MW),278.91350000000
94,2088,Kenya,2045,Large Hydropower Plant (Dam) (>100MW),278.91350000000
94,2089,Kenya,2045,Large Hydropower Plant (Dam) (>100MW),278.91350000000
94,2090,Kenya,2045,Large Hydropower Plant (Dam) (>100MW),278.91350000000
94,2093,Kenya,2045,Large Hydropower Plant (Dam) (>100MW),278.91350000000
94,2094,Kenya,2045,Large Hydropower Plant (Dam) (>100MW),278.91350000000
94,2095,Kenya,2045,Large Hydropower Plant (Dam) (>100MW),278.91350000000
94,2098,Kenya,2045,Large Hydropower Plant (Dam) (>100MW),278.91350000000
94,2099,Kenya,2045,Large Hydropower Plant (Dam) (>100MW),278.91350000000
97,2085,Kenya,2045,Medium Hydropower Plant (10-100MW),0.14180000000
97,2088,Kenya,2045,Medium Hydropower Plant (10-100MW),0.14180000000
97,2089,Kenya,2045,Medium Hydropower Plant (10-100MW),0.14180000000
97,2090,Kenya,2045,Medium Hydropower Plant (10-100MW),0.14180000000
97,2093,Kenya,2045,Medium Hydropower Plant (10-100MW),0.14180000000
97,2094,Kenya,2045,Medium Hydropower Plant (10-100MW),0.14180000000
97,2095,Kenya,2045,Medium Hydropower Plant (10-100MW),0.14180000000
97,2098,Kenya,2045,Medium Hydropower Plant (10-100MW),0.14180000000
97,2099,Kenya,2045,Medium Hydropower Plant (10-100MW),0.14180000000
98,2085,Kenya,2045,Nuclear Power Plant,0.00070000000
98,2088,Kenya,2045,Nuclear Power Plant,0.00070000000
98,2089,Kenya,2045,Nuclear Power Plant,0.00070000000
98,2090,Kenya,2045,Nuclear Power Plant,0.00070000000
98,2093,Kenya,2045,Nuclear Power Plant,0.00070000000
98,2094,Kenya,2045,Nuclear Power Plant,0.00070000000
98,2095,Kenya,2045,Nuclear Power Plant,0.00070000000
98,2098,Kenya,2045,Nuclear Power Plant,0.00070000000
98,2099,Kenya,2045,Nuclear Power Plant,0.00070000000
102,2085,Kenya,2045,Small Hydropower Plant (<10MW),0.00030000000
102,2088,Kenya,2045,Small Hydropower Plant (<10MW),0.00030000000
102,2089,Kenya,2045,Small Hydropower Plant (<10MW),0.00030000000
102,2090,Kenya,2045,Small Hydropower Plant (<10MW),0.00030000000
102,2093,Kenya,2045,Small Hydropower Plant (<10MW),0.00030000000
102,2094,Kenya,2045,Small Hydropower Plant (<10MW),0.00030000000
102,2095,Kenya,2045,Small Hydropower Plant (<10MW),0.00030000000
102,2098,Kenya,2045,Small Hydropower Plant (<10MW),0.00030000000
102,2099,Kenya,2045,Small Hydropower Plant (<10MW),0.00030000000
108,2085,Kenya,2050,Coal Power Plant,0.00910000000
108,2088,Kenya,2050,Coal Power Plant,0.00910000000
108,2089,Kenya,2050,Coal Power Plant,0.00910000000
112,2085,Kenya,2050,Large Hydropower Plant (Dam) (>100MW),291.11600000000
112,2088,Kenya,2050,Large Hydropower Plant (Dam) (>100MW),291.11600000000
112,2089,Kenya,2050,Large Hydropower Plant (Dam) (>100MW),291.11600000000
112,2090,Kenya,2050,Large Hydropower Plant (Dam) (>100MW),291.11600000000
112,2093,Kenya,2050,Large Hydropower Plant (Dam) (>100MW),291.11600000000
112,2094,Kenya,2050,Large Hydropower Plant (Dam) (>100MW),291.11600000000
112,2095,Kenya,2050,Large Hydropower Plant (Dam) (>100MW),291.11600000000
112,2098,Kenya,2050,Large Hydropower Plant (Dam) (>100MW),291.11600000000
112,2099,Kenya,2050,Large Hydropower Plant (Dam) (>100MW),291.11600000000
112,2100,Kenya,2050,Large Hydropower Plant (Dam) (>100MW),291.11600000000
112,2103,Kenya,2050,Large Hydropower Plant (Dam) (>100MW),291.11600000000
112,2104,Kenya,2050,Large Hydropower Plant (Dam) (>100MW),291.11600000000
115,2085,Kenya,2050,Medium Hydropower Plant (10-100MW),6.95050000000
115,2088,Kenya,2050,Medium Hydropower Plant (10-100MW),6.95050000000
115,2089,Kenya,2050,Medium Hydropower Plant (10-100MW),6.95050000000
115,2090,Kenya,2050,Medium Hydropower Plant (10-100MW),6.95050000000
115,2093,Kenya,2050,Medium Hydropower Plant (10-100MW),6.95050000000
115,2094,Kenya,2050,Medium Hydropower Plant (10-100MW),6.95050000000
115,2095,Kenya,2050,Medium Hydropower Plant (10-100MW),6.95050000000
115,2098,Kenya,2050,Medium Hydropower Plant (10-100MW),6.95050000000
115,2099,Kenya,2050,Medium Hydropower Plant (10-100MW),6.95050000000
115,2100,Kenya,2050,Medium Hydropower Plant (10-100MW),6.95050000000
115,2103,Kenya,2050,Medium Hydropower Plant (10-100MW),6.95050000000
115,2104,Kenya,2050,Medium Hydropower Plant (10-100MW),6.95050000000
116,2085,Kenya,2050,Nuclear Power Plant,0.00420000000
116,2088,Kenya,2050,Nuclear Power Plant,0.00420000000
116,2089,Kenya,2050,Nuclear Power Plant,0.00420000000
116,2090,Kenya,2050,Nuclear Power Plant,0.00420000000
116,2093,Kenya,2050,Nuclear Power Plant,0.00420000000
116,2094,Kenya,2050,Nuclear Power Plant,0.00420000000
116,2095,Kenya,2050,Nuclear Power Plant,0.00420000000
116,2098,Kenya,2050,Nuclear Power Plant,0.00420000000
116,2099,Kenya,2050,Nuclear Power Plant,0.00420000000
116,2100,Kenya,2050,Nuclear Power Plant,0.00420000000
116,2103,Kenya,2050,Nuclear Power Plant,0.00420000000
116,2104,Kenya,2050,Nuclear Power Plant,0.00420000000
120,2085,Kenya,2050,Small Hydropower Plant (<10MW),0.00170000000
120,2088,Kenya,2050,Small Hydropower Plant (<10MW),0.00170000000
120,2089,Kenya,2050,Small Hydropower Plant (<10MW),0.00170000000
120,2090,Kenya,2050,Small Hydropower Plant (<10MW),0.00170000000
120,2093,Kenya,2050,Small Hydropower Plant (<10MW),0.00170000000
120,2094,Kenya,2050,Small Hydropower Plant (<10MW),0.00170000000
120,2095,Kenya,2050,Small Hydropower Plant (<10MW),0.00170000000
120,2098,Kenya,2050,Small Hydropower Plant (<10MW),0.00170000000
120,2099,Kenya,2050,Small Hydropower Plant (<10MW),0.00170000000
120,2100,Kenya,2050,Small Hydropower Plant (<10MW),0.00170000000
120,2103,Kenya,2050,Small Hydropower Plant (<10MW),0.00170000000
120,2104,Kenya,2050,Small Hydropower Plant (<10MW),0.00170000000
125,2085,Kenya,2055,CSP without Storage,0.01340000000
125,2088,Kenya,2055,CSP without Storage,0.01340000000
125,2089,Kenya,2055,CSP without Storage,0.01340000000
126,2085,Kenya,2055,Coal Power Plant,0.05440000000
126,2088,Kenya,2055,Coal Power Plant,0.05440000000
126,2089,Kenya,2055,Coal Power Plant,0.05440000000
126,2090,Kenya,2055,Coal Power Plant,0.05440000000
126,2093,Kenya,2055,Coal Power Plant,0.05440000000
126,2094,Kenya,2055,Coal Power Plant,0.05440000000
127,2085,Kenya,2055,Gas Power Plant (CCGT),0.03100000000
127,2088,Kenya,2055,Gas Power Plant (CCGT),0.03100000000
127,2089,Kenya,2055,Gas Power Plant (CCGT),0.03100000000
130,2085,Kenya,2055,Large Hydropower Plant (Dam) (>100MW),147.81390000000
130,2088,Kenya,2055,Large Hydropower Plant (Dam) (>100MW),147.81390000000
130,2089,Kenya,2055,Large Hydropower Plant (Dam) (>100MW),147.81390000000
130,2090,Kenya,2055,Large Hydropower Plant (Dam) (>100MW),147.81390000000
130,2093,Kenya,2055,Large Hydropower Plant (Dam) (>100MW),147.81390000000
130,2094,Kenya,2055,Large Hydropower Plant (Dam) (>100MW),147.81390000000
130,2095,Kenya,2055,Large Hydropower Plant (Dam) (>100MW),147.81390000000
130,2098,Kenya,2055,Large Hydropower Plant (Dam) (>100MW),147.81390000000
130,2099,Kenya,2055,Large Hydropower Plant (Dam) (>100MW),147.81390000000
130,2100,Kenya,2055,Large Hydropower Plant (Dam) (>100MW),147.81390000000
130,2103,Kenya,2055,Large Hydropower Plant (Dam) (>100MW),147.81390000000
130,2104,Kenya,2055,Large Hydropower Plant (Dam) (>100MW),147.81390000000
130,2105,Kenya,2055,Large Hydropower Plant (Dam) (>100MW),147.81390000000
130,2108,Kenya,2055,Large Hydropower Plant (Dam) (>100MW),147.81390000000
130,2109,Kenya,2055,Large Hydropower Plant (Dam) (>100MW),147.81390000000
134,2085,Kenya,2055,Nuclear Power Plant,0.02510000000
134,2088,Kenya,2055,Nuclear Power Plant,0.02510000000
134,2089,Kenya,2055,Nuclear Power Plant,0.02510000000
134,2090,Kenya,2055,Nuclear Power Plant,0.02510000000
134,2093,Kenya,2055,Nuclear Power Plant,0.02510000000
134,2094,Kenya,2055,Nuclear Power Plant,0.02510000000
134,2095,Kenya,2055,Nuclear Power Plant,0.02510000000
134,2098,Kenya,2055,Nuclear Power Plant,0.02510000000
134,2099,Kenya,2055,Nuclear Power Plant,0.02510000000
134,2100,Kenya,2055,Nuclear Power Plant,0.02510000000
134,2103,Kenya,2055,Nuclear Power Plant,0.02510000000
134,2104,Kenya,2055,Nuclear Power Plant,0.02510000000
134,2105,Kenya,2055,Nuclear Power Plant,0.02510000000
134,2108,Kenya,2055,Nuclear Power Plant,0.02510000000
134,2109,Kenya,2055,Nuclear Power Plant,0.02510000000
138,2085,Kenya,2055,Small Hydropower Plant (<10MW),0.01000000000
138,2088,Kenya,2055,Small Hydropower Plant (<10MW),0.01000000000
138,2089,Kenya,2055,Small Hydropower Plant (<10MW),0.01000000000
138,2090,Kenya,2055,Small Hydropower Plant (<10MW),0.01000000000
138,2093,Kenya,2055,Small Hydropower Plant (<10MW),0.01000000000
138,2094,Kenya,2055,Small Hydropower Plant (<10MW),0.01000000000
138,2095,Kenya,2055,Small Hydropower Plant (<10MW),0.01000000000
138,2098,Kenya,2055,Small Hydropower Plant (<10MW),0.01000000000
138,2099,Kenya,2055,Small Hydropower Plant (<10MW),0.01000000000
138,2100,Kenya,2055,Small Hydropower Plant (<10MW),0.01000000000
138,2103,Kenya,2055,Small Hydropower Plant (<10MW),0.01000000000
138,2104,Kenya,2055,Small Hydropower Plant (<10MW),0.01000000000
138,2105,Kenya,2055,Small Hydropower Plant (<10MW),0.01000000000
138,2108,Kenya,2055,Small Hydropower Plant (<10MW),0.01000000000
138,2109,Kenya,2055,Small Hydropower Plant (<10MW),0.01000000000
145,2085,Kenya,2060,Gas Power Plant (CCGT),0.18600000000
145,2088,Kenya,2060,Gas Power Plant (CCGT),0.18600000000
145,2089,Kenya,2060,Gas Power Plant (CCGT),0.18600000000
145,2090,Kenya,2060,Gas Power Plant (CCGT),0.18600000000
145,2093,Kenya,2060,Gas Power Plant (CCGT),0.18600000000
145,2094,Kenya,2060,Gas Power Plant (CCGT),0.18600000000
146,2085,Kenya,2060,Gas Power Plant (SCGT),0.26210000000
146,2088,Kenya,2060,Gas Power Plant (SCGT),0.26210000000
146,2089,Kenya,2060,Gas Power Plant (SCGT),0.26210000000
154,2085,Kenya,2060,Oil Fired Gas Turbine (SCGT),241.16510000000
154,2088,Kenya,2060,Oil Fired Gas Turbine (SCGT),241.16510000000
154,2089,Kenya,2060,Oil Fired Gas Turbine (SCGT),241.16510000000
163,2085,Kenya,2065,Gas Power Plant (CCGT),1.11600000000
163,2088,Kenya,2065,Gas Power Plant (CCGT),1.11600000000
163,2089,Kenya,2065,Gas Power Plant (CCGT),1.11600000000
163,2090,Kenya,2065,Gas Power Plant (CCGT),1.11600000000
163,2093,Kenya,2065,Gas Power Plant (CCGT),1.11600000000
163,2094,Kenya,2065,Gas Power Plant (CCGT),1.11600000000
163,2095,Kenya,2065,Gas Power Plant (CCGT),1.11600000000
163,2098,Kenya,2065,Gas Power Plant (CCGT),1.11600000000
163,2099,Kenya,2065,Gas Power Plant (CCGT),1.11600000000
164,2085,Kenya,2065,Gas Power Plant (SCGT),1.57230000000
164,2088,Kenya,2065,Gas Power Plant (SCGT),1.57230000000
164,2089,Kenya,2065,Gas Power Plant (SCGT),1.57230000000
164,2090,Kenya,2065,Gas Power Plant (SCGT),1.57230000000
164,2093,Kenya,2065,Gas Power Plant (SCGT),1.57230000000
164,2094,Kenya,2065,Gas Power Plant (SCGT),1.57230000000
172,2085,Kenya,2065,Oil Fired Gas Turbine (SCGT),238.62370000000
172,2088,Kenya,2065,Oil Fired Gas Turbine (SCGT),238.62370000000
172,2089,Kenya,2065,Oil Fired Gas Turbine (SCGT),238.62370000000
172,2090,Kenya,2065,Oil Fired Gas Turbine (SCGT),238.62370000000
172,2093,Kenya,2065,Oil Fired Gas Turbine (SCGT),238.62370000000
172,2094,Kenya,2065,Oil Fired Gas Turbine (SCGT),238.62370000000
181,2085,Kenya,2070,Gas Power Plant (CCGT),6.69600000000
181,2088,Kenya,2070,Gas Power Plant (CCGT),6.69600000000
181,2089,Kenya,2070,Gas Power Plant (CCGT),6.69600000000
181,2090,Kenya,2070,Gas Power Plant (CCGT),6.69600000000
181,2093,Kenya,2070,Gas Power Plant (CCGT),6.69600000000
181,2094,Kenya,2070,Gas Power Plant (CCGT),6.69600000000
181,2095,Kenya,2070,Gas Power Plant (CCGT),6.69600000000
181,2098,Kenya,2070,Gas Power Plant (CCGT),6.69600000000
181,2099,Kenya,2070,Gas Power Plant (CCGT),6.69600000000
181,2100,Kenya,2070,Gas Power Plant (CCGT),6.69600000000
181,2103,Kenya,2070,Gas Power Plant (CCGT),6.69600000000
181,2104,Kenya,2070,Gas Power Plant (CCGT),6.69600000000
182,2085,Kenya,2070,Gas Power Plant (SCGT),9.43390000000
182,2088,Kenya,2070,Gas Power Plant (SCGT),9.43390000000
182,2089,Kenya,2070,Gas Power Plant (SCGT),9.43390000000
182,2090,Kenya,2070,Gas Power Plant (SCGT),9.43390000000
182,2093,Kenya,2070,Gas Power Plant (SCGT),9.43390000000
182,2094,Kenya,2070,Gas Power Plant (SCGT),9.43390000000
182,2095,Kenya,2070,Gas Power Plant (SCGT),9.43390000000
182,2098,Kenya,2070,Gas Power Plant (SCGT),9.43390000000
182,2099,Kenya,2070,Gas Power Plant (SCGT),9.43390000000
185,2085,Kenya,2070,Light Fuel Oil Power Plant,0.00010000000
185,2088,Kenya,2070,Light Fuel Oil Power Plant,0.00010000000
185,2089,Kenya,2070,Light Fuel Oil Power Plant,0.00010000000
185,2090,Kenya,2070,Light Fuel Oil Power Plant,0.00010000000
185,2093,Kenya,2070,Light Fuel Oil Power Plant,0.00010000000
185,2094,Kenya,2070,Light Fuel Oil Power Plant,0.00010000000
185,2095,Kenya,2070,Light Fuel Oil Power Plant,0.00010000000
185,2098,Kenya,2070,Light Fuel Oil Power Plant,0.00010000000
185,2099,Kenya,2070,Light Fuel Oil Power Plant,0.00010000000
190,2085,Kenya,2070,Oil Fired Gas Turbine (SCGT),253.28420000000
190,2088,Kenya,2070,Oil Fired Gas Turbine (SCGT),253.28420000000
190,2089,Kenya,2070,Oil Fired Gas Turbine (SCGT),253.28420000000
190,2090,Kenya,2070,Oil Fired Gas Turbine (SCGT),253.28420000000
190,2093,Kenya,2070,Oil Fired Gas Turbine (SCGT),253.28420000000
190,2094,Kenya,2070,Oil Fired Gas Turbine (SCGT),253.28420000000
190,2095,Kenya,2070,Oil Fired Gas Turbine (SCGT),253.28420000000
190,2098,Kenya,2070,Oil Fired Gas Turbine (SCGT),253.28420000000
190,2099,Kenya,2070,Oil Fired Gas Turbine (SCGT),253.28420000000
199,2085,Kenya,2075,Gas Power Plant (CCGT),40.17620000000
199,2088,Kenya,2075,Gas Power Plant (CCGT),40.17620000000
199,2089,Kenya,2075,Gas Power Plant (CCGT),40.17620000000
199,2090,Kenya,2075,Gas Power Plant (CCGT),40.17620000000
199,2093,Kenya,2075,Gas Power Plant (CCGT),40.17620000000
199,2094,Kenya,2075,Gas Power Plant (CCGT),40.17620000000
199,2095,Kenya,2075,Gas Power Plant (CCGT),40.17620000000
199,2098,Kenya,2075,Gas Power Plant (CCGT),40.17620000000
199,2099,Kenya,2075,Gas Power Plant (CCGT),40.17620000000
199,2100,Kenya,2075,Gas Power Plant (CCGT),40.17620000000
199,2103,Kenya,2075,Gas Power Plant (CCGT),40.17620000000
199,2104,Kenya,2075,Gas Power Plant (CCGT),40.17620000000
199,2105,Kenya,2075,Gas Power Plant (CCGT),40.17620000000
199,2108,Kenya,2075,Gas Power Plant (CCGT),40.17620000000
199,2109,Kenya,2075,Gas Power Plant (CCGT),40.17620000000
200,2085,Kenya,2075,Gas Power Plant (SCGT),56.60310000000
200,2088,Kenya,2075,Gas Power Plant (SCGT),56.60310000000
200,2089,Kenya,2075,Gas Power Plant (SCGT),56.60310000000
200,2090,Kenya,2075,Gas Power Plant (SCGT),56.60310000000
200,2093,Kenya,2075,Gas Power Plant (SCGT),56.60310000000
200,2094,Kenya,2075,Gas Power Plant (SCGT),56.60310000000
200,2095,Kenya,2075,Gas Power Plant (SCGT),56.60310000000
200,2098,Kenya,2075,Gas Power Plant (SCGT),56.60310000000
200,2099,Kenya,2075,Gas Power Plant (SCGT),56.60310000000
200,2100,Kenya,2075,Gas Power Plant (SCGT),56.60310000000
200,2103,Kenya,2075,Gas Power Plant (SCGT),56.60310000000
200,2104,Kenya,2075,Gas Power Plant (SCGT),56.60310000000
203,2085,Kenya,2075,Light Fuel Oil Power Plant,0.00050000000
203,2088,Kenya,2075,Light Fuel Oil Power Plant,0.00050000000
203,2089,Kenya,2075,Light Fuel Oil Power Plant,0.00050000000
203,2090,Kenya,2075,Light Fuel Oil Power Plant,0.00050000000
203,2093,Kenya,2075,Light Fuel Oil Power Plant,0.00050000000
203,2094,Kenya,2075,Light Fuel Oil Power Plant,0.00050000000
203,2095,Kenya,2075,Light Fuel Oil Power Plant,0.00050000000
203,2098,Kenya,2075,Light Fuel Oil Power Plant,0.00050000000
203,2099,Kenya,2075,Light Fuel Oil Power Plant,0.00050000000
203,2100,Kenya,2075,Light Fuel Oil Power Plant,0.00050000000
203,2103,Kenya,2075,Light Fuel Oil Power Plant,0.00050000000
203,2104,Kenya,2075,Light Fuel Oil Power Plant,0.00050000000
208,2085,Kenya,2075,Oil Fired Gas Turbine (SCGT),159.84980000000
208,2088,Kenya,2075,Oil Fired Gas Turbine (SCGT),159.84980000000
208,2089,Kenya,2075,Oil Fired Gas Turbine (SCGT),159.84980000000
208,2090,Kenya,2075,Oil Fired Gas Turbine (SCGT),159.84980000000
208,2093,Kenya,2075,Oil Fired Gas Turbine (SCGT),159.84980000000
208,2094,Kenya,2075,Oil Fired Gas Turbine (SCGT),159.84980000000
208,2095,Kenya,2075,Oil Fired Gas Turbine (SCGT),159.84980000000
208,2098,Kenya,2075,Oil Fired Gas Turbine (SCGT),159.84980000000
208,2099,Kenya,2075,Oil Fired Gas Turbine (SCGT),159.84980000000
208,2100,Kenya,2075,Oil Fired Gas Turbine (SCGT),159.84980000000
208,2103,Kenya,2075,Oil Fired Gas Turbine (SCGT),159.84980000000
208,2104,Kenya,2075,Oil Fired Gas Turbine (SCGT),159.84980000000
218,2085,Kenya,2080,Gas Power Plant (SCGT),178.63910000000
218,2088,Kenya,2080,Gas Power Plant (SCGT),178.63910000000
218,2089,Kenya,2080,Gas Power Plant (SCGT),178.63910000000
218,2090,Kenya,2080,Gas Power Plant (SCGT),178.63910000000
218,2093,Kenya,2080,Gas Power Plant (SCGT),178.63910000000
218,2094,Kenya,2080,Gas Power Plant (SCGT),178.63910000000
218,2095,Kenya,2080,Gas Power Plant (SCGT),178.63910000000
218,2098,Kenya,2080,Gas Power Plant (SCGT),178.63910000000
218,2099,Kenya,2080,Gas Power Plant (SCGT),178.63910000000
218,2100,Kenya,2080,Gas Power Plant (SCGT),178.63910000000
218,2103,Kenya,2080,Gas Power Plant (SCGT),178.63910000000
218,2104,Kenya,2080,Gas Power Plant (SCGT),178.63910000000
218,2105,Kenya,2080,Gas Power Plant (SCGT),178.63910000000
218,2108,Kenya,2080,Gas Power Plant (SCGT),178.63910000000
218,2109,Kenya,2080,Gas Power Plant (SCGT),178.63910000000
236,2090,Kenya,2085,Gas Power Plant (SCGT),194.88870000000
236,2093,Kenya,2085,Gas Power Plant (SCGT),194.88870000000
236,2094,Kenya,2085,Gas Power Plant (SCGT),194.88870000000
236,2095,Kenya,2085,Gas Power Plant (SCGT),194.88870000000
236,2098,Kenya,2085,Gas Power Plant (SCGT),194.88870000000
236,2099,Kenya,2085,Gas Power Plant (SCGT),194.88870000000
236,2100,Kenya,2085,Gas Power Plant (SCGT),194.88870000000
236,2103,Kenya,2085,Gas Power Plant (SCGT),194.88870000000
236,2104,Kenya,2085,Gas Power Plant (SCGT),194.88870000000
236,2105,Kenya,2085,Gas Power Plant (SCGT),194.88870000000
236,2108,Kenya,2085,Gas Power Plant (SCGT),194.88870000000
236,2109,Kenya,2085,Gas Power Plant (SCGT),194.88870000000
236,2110,Kenya,2085,Gas Power Plant (SCGT),194.88870000000
236,2113,Kenya,2085,Gas Power Plant (SCGT),194.88870000000
236,2114,Kenya,2085,Gas Power Plant (SCGT),194.88870000000
