timeslice,commodity,region,supply,units_prices,year
"('winter', 'all-week', 'night')",electricity,Kenya,41.66810000000,MUS$2020/PJ,2020
"('winter', 'all-week', 'day')",electricity,Kenya,42.48070000000,MUS$2020/PJ,2020
"('spring', 'all-week', 'night')",electricity,Kenya,48.16620000000,MUS$2020/PJ,2020
"('spring', 'all-week', 'day')",electricity,Kenya,48.74900000000,MUS$2020/PJ,2020
"('summer', 'all-week', 'night')",electricity,Kenya,39.45010000000,MUS$2020/PJ,2020
"('summer', 'all-week', 'day')",electricity,Kenya,39.76560000000,MUS$2020/PJ,2020
"('autumn', 'all-week', 'night')",electricity,Kenya,45.75360000000,MUS$2020/PJ,2020
"('autumn', 'all-week', 'day')",electricity,Kenya,45.64280000000,MUS$2020/PJ,2020
"('winter', 'all-week', 'night')",electricity,Kenya,80.24650000000,MUS$2020/PJ,2025
"('winter', 'all-week', 'day')",electricity,Kenya,80.81530000000,MUS$2020/PJ,2025
"('spring', 'all-week', 'night')",electricity,Kenya,84.79520000000,MUS$2020/PJ,2025
"('spring', 'all-week', 'day')",electricity,Kenya,85.20310000000,MUS$2020/PJ,2025
"('summer', 'all-week', 'night')",electricity,Kenya,78.69390000000,MUS$2020/PJ,2025
"('summer', 'all-week', 'day')",electricity,Kenya,78.91470000000,MUS$2020/PJ,2025
"('autumn', 'all-week', 'night')",electricity,Kenya,83.10630000000,MUS$2020/PJ,2025
"('autumn', 'all-week', 'day')",electricity,Kenya,83.02880000000,MUS$2020/PJ,2025
"('winter', 'all-week', 'night')",electricity,Kenya,103.03690000000,MUS$2020/PJ,2030
"('winter', 'all-week', 'day')",electricity,Kenya,103.43510000000,MUS$2020/PJ,2030
"('spring', 'all-week', 'night')",electricity,Kenya,106.22100000000,MUS$2020/PJ,2030
"('spring', 'all-week', 'day')",electricity,Kenya,106.50660000000,MUS$2020/PJ,2030
"('summer', 'all-week', 'night')",electricity,Kenya,101.95010000000,MUS$2020/PJ,2030
"('summer', 'all-week', 'day')",electricity,Kenya,102.10470000000,MUS$2020/PJ,2030
"('autumn', 'all-week', 'night')",electricity,Kenya,105.03880000000,MUS$2020/PJ,2030
"('autumn', 'all-week', 'day')",electricity,Kenya,104.98450000000,MUS$2020/PJ,2030
"('winter', 'all-week', 'night')",electricity,Kenya,155.91560000000,MUS$2020/PJ,2035
"('winter', 'all-week', 'day')",electricity,Kenya,156.19430000000,MUS$2020/PJ,2035
"('spring', 'all-week', 'night')",electricity,Kenya,158.14450000000,MUS$2020/PJ,2035
"('spring', 'all-week', 'day')",electricity,Kenya,158.34430000000,MUS$2020/PJ,2035
"('summer', 'all-week', 'night')",electricity,Kenya,155.15480000000,MUS$2020/PJ,2035
"('summer', 'all-week', 'day')",electricity,Kenya,155.26300000000,MUS$2020/PJ,2035
"('autumn', 'all-week', 'night')",electricity,Kenya,157.31690000000,MUS$2020/PJ,2035
"('autumn', 'all-week', 'day')",electricity,Kenya,157.27890000000,MUS$2020/PJ,2035
"('winter', 'all-week', 'night')",electricity,Kenya,200.48430000000,MUS$2020/PJ,2040
"('winter', 'all-week', 'day')",electricity,Kenya,200.67940000000,MUS$2020/PJ,2040
"('spring', 'all-week', 'night')",electricity,Kenya,202.04450000000,MUS$2020/PJ,2040
"('spring', 'all-week', 'day')",electricity,Kenya,202.18440000000,MUS$2020/PJ,2040
"('summer', 'all-week', 'night')",electricity,Kenya,199.95180000000,MUS$2020/PJ,2040
"('summer', 'all-week', 'day')",electricity,Kenya,200.02750000000,MUS$2020/PJ,2040
"('autumn', 'all-week', 'night')",electricity,Kenya,201.46520000000,MUS$2020/PJ,2040
"('autumn', 'all-week', 'day')",electricity,Kenya,201.43860000000,MUS$2020/PJ,2040
"('winter', 'all-week', 'night')",electricity,Kenya,280.30290000000,MUS$2020/PJ,2045
"('winter', 'all-week', 'day')",electricity,Kenya,280.43950000000,MUS$2020/PJ,2045
"('spring', 'all-week', 'night')",electricity,Kenya,281.39500000000,MUS$2020/PJ,2045
"('spring', 'all-week', 'day')",electricity,Kenya,281.49300000000,MUS$2020/PJ,2045
"('summer', 'all-week', 'night')",electricity,Kenya,279.93010000000,MUS$2020/PJ,2045
"('summer', 'all-week', 'day')",electricity,Kenya,279.98310000000,MUS$2020/PJ,2045
"('autumn', 'all-week', 'night')",electricity,Kenya,280.98950000000,MUS$2020/PJ,2045
"('autumn', 'all-week', 'day')",electricity,Kenya,280.97090000000,MUS$2020/PJ,2045
"('winter', 'all-week', 'night')",electricity,Kenya,343.28640000000,MUS$2020/PJ,2050
"('winter', 'all-week', 'day')",electricity,Kenya,343.38200000000,MUS$2020/PJ,2050
"('spring', 'all-week', 'night')",electricity,Kenya,344.05090000000,MUS$2020/PJ,2050
"('spring', 'all-week', 'day')",electricity,Kenya,344.11950000000,MUS$2020/PJ,2050
"('summer', 'all-week', 'night')",electricity,Kenya,343.02550000000,MUS$2020/PJ,2050
"('summer', 'all-week', 'day')",electricity,Kenya,343.06260000000,MUS$2020/PJ,2050
"('autumn', 'all-week', 'night')",electricity,Kenya,343.76710000000,MUS$2020/PJ,2050
"('autumn', 'all-week', 'day')",electricity,Kenya,343.75400000000,MUS$2020/PJ,2050
